sample_id,PROT000,PROT001,PROT002,PROT003,PROT004,PROT005,PROT006,PROT007,PROT008,PROT009,PROT010,PROT011,PROT012,PROT013,PROT014,PROT015,PROT016,PROT017,PROT018,PROT019,PROT020,PROT021,PROT022,PROT023,PROT024,PROT025,PROT026,PROT027,PROT028,PROT029,PROT030,PROT031,PROT032,PROT033,PROT034,PROT035,PROT036,PROT037,PROT038,PROT039,PROT040,PROT041,PROT042,PROT043,PROT044,PROT045,PROT046,PROT047,PROT048,PROT049,PROT050,PROT051,PROT052,PROT053,PROT054,PROT055,PROT056,PROT057,PROT058,PROT059,PROT060,PROT061,PROT062,PROT063,PROT064,PROT065,PROT066,PROT067,PROT068,PROT069,PROT070,PROT071,PROT072,PROT073,PROT074,PROT075,PROT076,PROT077,PROT078,PROT079,PROT080,PROT081,PROT082,PROT083,PROT084,PROT085,PROT086,PROT087,PROT088,PROT089,PROT090,PROT091,PROT092,PROT093,PROT094,PROT095,PROT096,PROT097,PROT098,PROT099
S001,10.015511333280498,10.435860681156862,6.548206701302357,10.605082161785448,9.875804064406125,9.827733598521917,11.454006375095746,11.360731043088654,6.685096267609861,10.800375428778317,10.69907610088529,9.340386523950203,9.478047366105585,11.592624584970704,11.478898544348386,9.43917147200276,10.176419894506566,6.863596632689944,10.981296201039676,9.765977091944682,9.637617349564854,8.439572541521896,9.086066441145759,8.552596383849373,11.810855024339114,10.19391044036034,7.806343492573815,9.048721940820837,11.673767291734825,7.959023864474786,10.369170633744107,9.722376320364221,9.139537796263296,9.873426983170548,9.959409874062613,9.298401525878331,9.417848805811294,10.453713217230929,10.525188647205145,7.687740111639902,10.71967674945502,8.777909974652273,10.360741246351457,8.426057960969553,8.563244283817623,9.765728896087827,11.099954098161465,10.30005044098968,12.469597397029275,7.371984954828861,10.735183355501349,10.164080108430484,12.63891823727564,11.016132321643084,11.743405672027038,11.927248458124335,8.331007197901986,10.028033298590481,8.986120119548637,10.436221289310847,9.162656333186158,10.712540113256749,11.336722107157481,8.880070800691117,8.97067231907281,10.328424241960656,9.109038890179296,12.265348693433925,7.795274725545258,9.480684075207561,9.501944139515603,8.876483738891753,11.579926613680232,10.304781890672613,10.513147643005533,10.668215878177367,8.764712017295496,9.914964649626151,9.317022038538461,13.432071685273375,10.102388849071943,6.05401709564679,9.206644062551451,7.7590020286857815,9.504608851915542,12.140927245119922,9.00431313813925,8.846755512125632,11.472991930088698,10.709295265785155,9.561081844450364,12.08719050624065,8.535886404530235,8.486447961986704,9.932368808607041,9.274863188000069,10.730895549163847,6.760349255323421,10.068848702004457,10.938008042445604
S002,7.64814604193537,9.1392648317408,10.490397743354663,9.942115843989697,10.72864730133711,10.299268497684366,9.381999154054352,12.664519165114278,8.730690406945584,7.877351867451773,7.98527994770806,9.316570993783134,11.664877352915418,10.967206352945874,10.66654448569495,12.764659999409144,11.333204921471268,10.019686105816925,14.345339450610446,9.059315742013519,10.38873096308002,10.100959132922558,12.109511521366755,8.463624795831906,10.847673564790561,10.496162768531454,10.011693312993119,10.265697402793492,9.486088390192107,10.467336864888733,7.181518177440813,9.488641883297564,11.526205463294108,11.590082897841562,8.687321108413915,9.70346926005502,10.660957234711308,7.909273336972437,10.134702306202685,11.565481414396345,8.42148185951382,11.776472465142122,10.354616858158431,12.613103313555543,11.3639145081905,11.815043333080737,9.217954056051177,11.398667589675906,11.750491910265621,9.08506095262121,11.931844629836403,6.9802970547698475,9.956008225594156,11.984017976609177,9.807289247272925,11.360510373858705,9.391785439412256,13.772716607738655,9.26653917241922,9.18494377422472,8.910683537075556,11.06350946446245,9.323277138221126,10.981887151911591,9.834443058519936,9.879887195999041,9.733189462528943,14.4951623895865,9.078796183965315,10.562577823740947,10.878493447598428,8.866446745749315,10.139217363036016,9.932930048062735,6.525312317893501,9.77027066487698,8.648728855120394,7.30154757898325,8.270251848062902,7.840332376372389,7.646166353053332,10.254454665390409,10.05580664078245,10.214938030607362,10.91575419414638,12.978785576459822,9.500218939353749,5.084107345383515,9.22951355877921,10.29632344025293,11.414458345064547,11.133254760088123,11.878595044062303,11.544701916276432,10.722893250777508,8.209789256803488,8.761459798362106,10.148726259979322,9.930889544053596,9.473685054190232
S003,11.225037351209123,11.796093705203818,10.47936645066569,6.551913468772897,8.982999043712582,7.820168466051902,11.2417541753723,10.80710415495255,9.053352713104935,9.877208975897682,11.573985203991004,8.84423262597827,10.33259590825838,6.330793656838502,8.448679269851656,8.843738999050418,10.226604313246705,8.88218862109451,9.592026256342058,12.899277434021538,11.462432087807088,12.039260488987196,7.638769824241457,9.501007353709486,8.35007270844703,7.638053200484791,9.755023424465286,9.039351001269859,9.24851604648876,9.484892480689272,7.569213228995437,9.850256259750713,11.81177645649423,10.722333047568064,11.136475956508306,9.893428235235584,10.538235273368725,10.80243992071677,10.018777917220941,9.3986854004852,9.022118125615707,7.686299880454995,10.822371381528368,10.842132063644273,10.745738113210905,9.172365430540381,8.119037133339443,11.101684082380363,11.2114018724394,7.48791890322651,10.485043222697145,11.970155686111266,7.205534295051029,11.617630837781691,9.219897822051538,10.893072402077513,10.51416017578207,8.161127769039354,10.368294234095886,9.978542203201066,9.483782588697906,8.813420643614403,12.027249565949127,10.577773307548888,9.760977802881603,10.856301748159865,10.630548248074176,9.144410755076168,9.097994234610349,12.223094495157467,8.756940776786063,10.006210649003668,10.326351669715978,9.191288881147138,9.195445831469451,11.645390800494521,9.638629469423472,11.78536036220901,11.683528890292987,10.465883175135392,11.531793410084658,11.971921196464294,9.140645962567353,9.144601230983397,11.43722826303072,7.764736530665339,9.96599622694889,7.768720300036858,7.540925450830482,11.463992877204864,10.609101701184763,9.575358209031963,12.316453270884592,9.918507714124923,12.01979185852145,11.922545237347272,11.62556369520373,10.9934658367536,9.306878775652072,10.665537526053825
S004,10.782712051418933,11.672528277257598,11.56445288396042,7.9422154809462135,11.177994574580106,9.408744028017885,10.551592278095201,11.200095020594675,7.80426854756836,11.942905845648985,9.016160784340476,8.903018147270508,9.960352343786123,11.414678834570802,9.210528018729349,11.038696639193523,9.163338150019172,9.911702179749119,11.069544254786743,10.651626945384091,10.71414504905431,12.791414969601323,13.546980143207968,10.208889568744878,10.806599866448849,8.509192722392282,9.260968056729375,8.821394115509989,11.257952791435528,8.78283216668966,10.164871337938578,9.883664902922066,11.083964617063,9.861412373494009,9.797879722688839,9.712335797048265,10.116372097017562,10.083894790934242,9.738135108181245,9.289355706714147,9.452968510573422,12.029409992072726,10.788161318364235,12.063828515058676,9.748511934019094,13.251602076515178,7.801160647130356,10.20220356426477,9.24563912318582,9.386292220816053,12.738058959410491,8.927050361944257,9.532006830902324,11.193801107206438,12.570411716357075,12.53607359897535,10.159162367501217,8.546816415717402,9.788657530571312,10.125973266273606,13.328636551124038,8.784412996825989,12.740651521334646,10.642184776707698,8.872489302206938,8.180531787528839,7.417162867034634,8.936824063285199,9.516402274002305,10.86726474464375,11.593134036867554,8.577488009449555,9.412543120132135,6.9652195897501885,11.116351181489303,10.602938012608828,8.874493044336285,9.523723979201721,9.974139234280482,11.117610677754438,10.209061973235615,7.547602040925144,10.957830603652608,11.557641728695499,12.547062843411895,9.862097675276509,10.05467804025993,7.349673111720886,7.625363056033066,11.978581409087754,12.396069065475876,9.883516863323342,13.409843279179686,9.844894511494074,13.7570575726566,10.43474517556387,10.071651506577568,9.530732516904562,11.872486359919598,11.5927924205985
S005,8.416827308168388,10.45094068392868,8.611501894242355,10.75510135662518,9.952686758977018,6.951774874554385,11.768227704491183,13.742079665387386,10.54438384746632,12.553533193483165,12.900899345307916,9.665640531719365,9.612263473124845,8.286632099045779,8.745398902700448,6.8743320038018085,7.482362698054097,10.723093199034539,8.21687333781061,10.18480726074842,11.28573710916866,7.588949630318422,11.9227271308841,10.76631415710046,11.232033014949938,9.403439543279813,10.248164346882458,11.169409664587914,11.162515558419983,9.551783390416388,9.800077315312366,11.191612823343926,8.301043236758012,10.628794018629359,11.179929728563168,10.81989793693214,12.58935790144405,12.110858696086787,7.622294009992412,14.164146541803108,13.514252762626985,10.30581848363409,8.741669244787875,7.537098383349404,9.778218235471382,9.969668814216849,8.924890633117906,12.130273367989918,11.617196192438684,9.530009456943993,9.87958745364836,8.36171920563177,10.44298599456612,9.530836163482066,10.117422995217817,10.581011021787647,12.176579633784348,8.367132039416898,10.81442213937567,12.287929572667155,12.467824326528758,10.72889007231278,10.61832688100533,9.933147281450148,10.015861716864839,8.656208891390081,8.52159214030349,9.46726575580654,9.161718471138636,10.267382630640117,8.39602630577858,9.792647302168602,11.644814833213577,10.73912877597145,9.314895761080821,9.051493565400715,11.10361174540912,9.40443625196603,7.77321953763005,11.749160602875222,8.108940734056185,11.567394040211976,10.675237185661322,10.097035175369996,12.54250128982217,10.16968478435487,9.94465645496609,10.356320510366603,9.213048159566647,7.900271329835376,12.401865546972077,8.739361098788782,10.330161079909017,11.174812211086612,12.533214433534548,11.379680394099546,11.765864245128213,10.175839634495965,12.406348701890206,10.317776338995358
S006,11.341496151433164,9.244197542147822,8.430637126532055,10.12551278644546,8.705893887411605,7.662831983794516,9.422077672101919,11.019125661283912,10.666861372194036,9.64365979335088,7.575094868483589,9.625056511039409,9.483372665479198,7.309745926920193,7.4981013322802585,8.290445380327828,9.75652420743641,11.177744911862192,11.664552136161785,11.451996795069993,11.888363752668921,7.34326388897397,10.786499411875052,8.836253864429978,9.717841562238453,10.997678230406896,10.962858743949464,11.781045055553314,9.803159827124023,8.344355231514479,9.321319873991644,9.105341348489892,8.574117237177969,12.117298534396959,10.694339037822038,10.96513489746349,7.217066988174095,8.080483163563656,9.747677420485678,7.870842922014603,12.213573992814657,11.830062921644398,9.910797542158289,10.409056571199478,12.310181178276169,10.114403130371446,9.308034733896195,9.807021353077813,10.17316317231588,9.104680041523977,8.958027256676825,10.245872234668854,6.783959910957772,8.51937153235185,11.494470050670335,9.208166382833864,9.620756445711796,10.218236445087559,9.974544447932605,5.716950341438057,8.46571214185083,9.531774902989653,9.283119393276998,9.708686893546545,6.442282596820522,7.760986316076686,9.412831377522998,12.68506140307703,11.513455563300306,7.598745172716631,14.392062564064913,10.71742334913793,10.637752383000045,10.180856566635514,12.27894131231982,9.650785833859453,11.199271201440016,8.909189286216717,9.681175800938025,9.64434241885135,12.100867183915456,9.026067465221116,14.116772841640444,11.755768589012892,9.950945982183512,9.938147544375397,7.784021046282608,9.869310955964462,11.00445806250433,12.444852259690117,11.082394643968422,9.583073857958386,10.136824472696585,10.664417365323962,9.607660500448134,9.38086322698811,13.571596604724984,9.145270422628785,9.403585850156183,9.50767973065233
S007,9.894166550153214,8.716087099950663,9.922539279906726,10.246703098502033,12.026135728817403,11.04596025384653,11.602501139415516,11.304986541433692,8.148092893282918,10.782103245738261,9.90628298216836,9.85772889874605,9.873620404570154,11.391806766184157,9.014861008296558,11.225835428715317,10.339491454421754,10.260122092589393,8.886928433019795,12.113749767608075,7.981820193944557,9.15630480998215,7.569948006015216,8.649929885186568,11.489736383097444,11.839647025361895,10.471014731588191,5.385109009251413,9.687439300394576,9.569984330080787,9.847798707916207,10.157479432662653,10.226877690945221,9.332728033485061,8.401618274344228,7.159205390267739,9.228279586713352,12.6109216757549,7.909942767546844,9.958766933317547,11.341249893714478,9.688223035336357,9.973031037691152,12.174550502461404,8.780053087742473,9.7417902744397,9.92821323293635,12.728692357081284,9.038550650230057,11.089203563060472,10.95820558341447,8.702936862644973,10.864041996213446,10.167352475318872,11.82299226540366,11.44241333955074,9.522557498213967,9.9413853042953,11.380496272841222,9.825394272863257,11.763921918678673,7.5516859541507,9.503253434087169,11.687345824807046,10.330407438084988,9.492703378932573,10.559626048329552,10.610466367912025,7.650801326927512,10.630059467566802,8.390793473448813,9.779407490109504,8.910204521629776,9.22120429585589,9.073580687553301,8.460313096252406,11.183144565867307,13.999603013924478,9.992192516607036,9.037657958794972,11.006761752411759,8.505312270180672,5.700005944798011,12.078222223221822,10.426081032382992,12.505968823634745,9.803438350206102,8.647263581617066,11.022768433544476,9.64039498541057,9.820659389131832,10.962575236259115,8.320651617879097,10.689976311873084,10.783283139101007,9.552909489457956,9.035575702427357,10.129888307418112,7.848982325977874,12.00146104900364
S008,7.230376065727498,12.114648153055523,8.892861902975262,9.06029866373561,9.120458687980229,10.45185342988263,7.275446312872794,8.554762169399435,9.675507509100667,12.654370687715339,9.604009377200903,12.179812050610128,10.407984840388488,10.01247615498864,10.60590894040691,7.608701156480349,9.608268186166733,10.394505728437728,7.809090026203702,12.296365494094534,9.892572136414106,10.849012949684468,6.596067276195744,11.026987805192837,9.141320019978483,7.242880262271438,14.36655328234658,8.076205905075495,10.791458395199896,10.440120533339343,10.890758994571415,8.055146384862734,9.488347702780809,7.838659489149329,8.716222851114896,11.717073523852612,11.303066828776165,8.843998576155888,8.413678394657774,13.008939143342877,9.32467738878105,7.6185857196566324,12.018006901372933,10.538165480672324,9.752513408648785,9.775801278027496,10.550153868645715,11.078799124142698,6.656321503248344,7.8448250921907885,10.697447961025258,10.062686412354765,9.797888454667547,11.222790147922453,8.918420866934209,8.388882339122986,9.52086617584399,9.694890810591973,11.554657296613014,10.128240689384695,11.253794860938417,12.55233568044027,10.720183620533716,13.281074055422557,9.469681108230944,9.277932717667197,10.529884444943187,8.71078305465126,10.900874545034085,9.36412107162437,9.932698833387683,9.854309017774412,12.068971238431658,10.08200035592146,10.441265029094973,11.070445709955436,8.341638235159344,11.298006909874703,12.091319522782312,9.737046929304222,10.209421512943674,9.642432375250076,12.261592453685934,8.052759964471921,9.597779472156294,10.741020658012259,7.328523598252481,10.757843590594799,8.306818999949991,9.722728344942386,11.076545466601246,13.282392279878259,11.519748089949074,8.450848919808909,12.437917322955789,10.204862271438689,10.167872003682158,7.715358547326632,9.493001222583027,9.513888434377158
S009,11.821428940448872,10.827130201566241,10.461681044112828,9.98967615868262,9.562240730933512,8.926380879796884,8.925904926604748,9.71038969304722,10.589038707215547,10.208737828961441,11.262984739355788,10.928527186311305,11.9182113682588,10.11873657876998,12.50708099044078,12.284668747731832,7.568301555564508,9.961522021201679,12.975066026525376,11.852472936193386,8.586192153658839,11.42524023050016,12.082337855132915,11.16854123434374,7.390763169421592,10.188346795506746,11.73856007973103,10.272005368074382,8.686129287275628,11.267335342425067,12.110640810075441,12.168075484473114,8.826734054295457,10.776815258823124,12.06805318458873,11.98526755966944,8.223269785563087,8.408061850806051,11.456721546963399,8.992521952999457,10.561938059813446,8.363089946072186,6.747691667382268,10.94360187161267,8.400259369812213,13.233510848482744,10.462676857736994,11.647203048687414,11.380166036968534,9.767892907877146,11.098238648060333,10.33654087390975,11.745383047554748,11.050232973799865,10.49703628039699,10.452292925683455,8.006433087845139,8.294807792278835,8.18812471591162,7.700080828486457,10.736309375740962,11.756580302894744,8.351543860854958,8.869817747892826,11.06564892973241,9.807356576456675,11.172944497666021,11.148735022193819,9.341615575240601,11.889463093441282,13.403466901712235,11.142636626697076,14.222538697279678,9.44053667786818,9.672473504861525,9.507594480365004,10.81708241218546,10.515992827472589,11.280180312277032,11.391101234352396,11.404423905126585,8.517572840774426,6.991678561889161,12.496582855147294,12.000175293557374,10.918106392026358,10.124740308720483,10.356483994103286,9.89839033656136,8.670752615736415,9.962921705585815,11.665183027242849,10.821029898119885,10.815028550352725,9.357027856548276,8.32145319852005,8.158272752536515,7.723255938124299,7.41046880762978,11.693769789294175
S010,9.6546596083304,10.536981746619723,10.567986258246627,10.411550059829022,10.331776618236121,9.935044806912376,9.228700801760294,12.010411469653175,14.774264891852845,8.825498614243074,9.98959174309429,10.745236090152252,9.607025860219514,10.126869411398044,9.565067628324876,6.971787415118288,9.510551369038232,8.951771878000283,8.208462298722718,9.206520380348403,13.751145400007685,12.36648326477078,9.293485844664456,10.723498931052244,12.028341550311413,8.166734710091994,13.190896429443619,9.634588020267172,10.506363270880392,8.757636965154623,11.050569158901954,10.59999731111892,10.643266527615593,11.589150824489188,11.2416100641592,7.147806689547295,9.896502029382104,10.287976532927205,9.519842125229054,11.690955613081744,11.107033731656909,12.102298500389733,8.798314341718886,11.495838760614228,9.057764141047171,10.061432024121908,10.85309134602447,8.390120026426658,8.106304865856519,7.454100617552973,11.21353978624847,8.68823916185868,8.853591402523895,9.536919920412045,9.85607928625683,9.147879621207858,11.498409215062305,11.215597591998439,9.593363868127698,9.495125522831193,9.420440450995708,12.640543300278178,13.659631838050249,9.358582551706638,8.36353429749016,9.655045572344653,9.962864142851137,10.23170027380331,9.770260246625664,7.426599874859415,10.677692990364497,9.921213847837475,11.786061927079274,9.956523634743897,8.38117896298953,11.797690999888825,11.364525704187553,12.612725822731733,12.407602473761507,12.917821873467467,11.828281539023562,11.672016109775715,8.341792218684235,11.631925761758833,9.236631923161868,8.30857684075404,10.737287714687058,11.651672798131058,11.144518738045452,7.051443511563774,13.293412053275361,11.076033956646647,10.969493882155161,11.389060944119546,9.109061335300307,9.32200844965728,11.660335710276977,11.176845010118257,6.318389707561149,11.670704181941318
S011,10.495458387911375,11.76244141314331,9.468421470105966,10.66307714026096,9.41505488043991,8.156908889039872,7.454821558104463,7.482415268939079,11.236260060883833,11.916641702953767,8.49638521416588,10.25311813420693,9.025243902293788,12.746413813342262,10.807188173605542,9.295082119262027,8.979409685637211,10.78470043046997,10.57629797055817,12.534758644993143,9.19188125032226,11.111289308827404,8.760910737170715,10.735374873058694,10.672189678413533,10.470434208091405,11.01505067495524,10.691645061348312,8.89997275617714,8.646221668610174,12.790916080230694,12.410464143800851,10.096067429512592,10.739732624546102,9.817334426557924,9.065778915606725,9.959835247050886,10.455982542819166,7.738520470026225,10.602685850116092,9.780860720209773,8.24027803856453,9.707916651617166,9.434155281516357,10.25170011097486,8.123772384221965,11.493053717928229,10.898249824837206,12.556768614264369,11.627202103231529,11.0574657666868,7.395801255693921,10.001942850109986,8.963918051071664,9.893781719591827,9.006967197584547,7.100477664592793,10.85922578877463,11.803029724923238,7.907140694529636,12.691502264640077,10.592798787199536,11.845443687251649,7.25071961896546,10.994243011263746,10.568747515244825,10.913018152496536,11.487344401214594,10.391112933773192,8.816689541782946,9.864464470712289,13.145273787685962,10.933199746544883,7.4874531562353,11.86286530721426,9.579320896435675,12.039146307378472,11.352919568910977,10.31710270223338,11.736141402405153,11.388585087074969,10.787554504823015,8.509615599715673,11.666786039830559,11.114070533135154,9.590283670655873,13.232959033458718,7.936845558037595,12.457223839257987,13.008954365019147,9.69589448592042,10.20946649922231,12.043085465147627,10.318594522421296,10.143171104078318,9.000976014934874,9.209915563791098,12.014989034417184,8.966913825883772,7.703214974352612
S012,9.766911539337206,9.337674490879518,10.70951500492972,9.05118608386979,9.805485063260823,11.69003092834204,9.407734780312467,10.363024730032494,12.594229795747612,12.823922287240055,8.4745550438824,10.464500071124426,11.955154008420788,10.897506876590047,8.79644019409626,9.192947304772652,10.371049359756956,12.849393181185869,10.088255099603352,9.630273594659196,10.345115364131566,12.86614402476634,10.23603031416171,12.326540852417574,7.881060314256475,10.738737050607089,10.038500110071045,10.418303007685257,9.143563635706583,11.450248701364929,13.448291483999247,9.443789655330672,13.646586342295041,9.925441101318494,8.497939027700113,9.564378675260341,11.120187964469697,9.110090335944784,7.779810142354429,12.094460284243393,8.4671067655868,11.893593402928387,7.211273885311839,9.379199385825785,10.521030126646004,10.248167212811431,7.544504069888321,11.862521664047174,8.386274199201058,10.9987892861838,9.734306212165345,11.398534487424646,10.689120974262387,8.299837254177657,9.717607684415,9.799016873121593,9.617810755469142,11.014719293216224,8.030512739482697,9.322005011811585,10.861494345702575,12.12481498938326,11.658785857863958,11.553126464906784,5.247173781965575,9.617863577425634,10.073392352419617,9.826822534509553,10.015400311951469,10.292370635069066,8.778744157968646,7.370960992627539,10.713585057514637,12.337128280400744,8.56305772305191,10.956003493197674,9.009004544499165,11.339649860928711,9.437444360819768,12.864273869260844,11.611080019538726,11.443770197202886,11.156593384042088,7.097973638404797,6.357875070947557,9.80096877355878,8.20864373269454,10.66605946788263,11.200622074544015,12.685411755361216,11.57818362944632,8.79546290629288,10.276246605549716,11.22228864464733,8.422453971421872,11.447421115850133,11.63698788702669,11.086703041396643,9.028493684312988,10.01762261963661
S013,9.306252300485502,13.286956946785988,10.189674770039575,13.219573689277762,9.35343661954288,10.128624959629327,6.779195783495691,6.683513959750349,11.183371180609427,11.909545081212938,8.954647627419057,9.61611126899325,9.626590280190122,9.161973280564588,7.436880706386297,9.024460752762746,9.998864351560862,11.151997995954122,8.570955548062672,11.678839017962082,9.580362149109474,12.500132677872283,13.015827395152233,11.508011335742243,10.836657651702112,10.91434248957779,9.253512829827173,8.483533750255695,8.783253299050296,10.323351726577355,10.912794527187634,10.941732180974903,9.589575793409587,10.40311109869181,6.627241233625685,7.542286083807807,10.666744945861675,9.145263446344819,8.09097594295191,10.143137375966148,11.988972940122945,11.225444389359062,10.564794825880863,11.706380937559315,9.294621189997255,10.451817101499328,12.568074065720538,12.592744111622252,11.408463579081433,10.283048047631773,10.565397727621043,9.631839791557121,10.569464173345683,10.581142171734832,9.041943750964768,10.146599980043911,11.718568970200433,12.305779940887401,8.091714962673548,11.75307846499634,10.734711763695229,8.719180094965907,10.141484663201416,10.525676663959446,12.200636884480044,7.817714345398391,9.620084624073462,6.834335077469527,11.02764172426572,9.48409731489878,9.76279513122473,9.195592804219606,14.656677509587812,9.576695244872887,10.07641041867075,10.268199409210824,8.440625795710737,9.038958528539277,9.394968165517758,9.740064037402393,10.726525961084494,8.757955320073162,9.893852031873418,11.228340112634307,9.947323380093975,10.540396846192147,12.39390127484899,12.114861627938549,11.587286859581624,10.260124657144619,11.664566458422613,9.75216967966058,9.960200772774852,11.788941971586237,9.320238019344266,11.450093835384838,10.039007497671195,10.24098633966195,8.40233582575512,8.489853010567147
S014,10.717126233286512,9.325672260531338,10.11593677743613,10.115593641140523,10.179566222615934,7.792893275901519,5.737119009333881,11.404503089950072,10.528479818731915,9.829735701259171,9.636934621693763,9.864831630053919,8.284014493912334,9.671979269704853,10.173759709545104,9.290546770093563,10.156053796637277,9.734979639762068,10.278287765996922,9.288218863335883,10.80007247424095,6.397123603936073,10.099829225687712,9.953025967926338,9.535823231220455,9.06824046372011,10.736804724801834,9.28299974740786,10.716622166634433,7.166327789434169,9.275164972900544,9.339985760440072,9.25009343123488,13.440893562446533,11.345285714932555,9.132125223624051,10.781485497676766,9.56027297765834,9.408378228973794,10.402429129621316,7.282448011809924,7.461673794742316,8.766555740679134,11.520151270564943,8.595399052645169,9.523956055379724,12.495744485912692,8.16030298352686,8.786000025049647,11.024115344168969,12.316208155402812,10.185971497080828,12.040271083046262,7.201796014236397,11.034822917586151,12.353728429709651,7.29028406324232,11.87309918606822,7.945632994321464,11.92356247650517,10.053055567855612,10.703673591499173,10.87684052532014,8.923854948043536,5.723377092143387,8.062268088889542,13.281167914593702,9.3653830140869,9.300121593450902,11.154247541037867,9.83274677387213,10.279550683620387,9.60018613537217,13.491298097145298,9.95861591375758,11.02694058398457,10.00285688197119,10.666230546336948,8.948918903914931,9.634511060118264,9.503229929168121,7.453417387455745,11.495009329355712,11.736847203593793,9.407290039599417,9.50146035420778,9.17440450245726,10.705031448710658,12.013004827870002,10.657190592518239,8.9112645442085,10.746511913683193,8.010046994341844,9.722967634382284,11.75085308797474,8.629469122651729,11.996192243463781,9.275397884202981,9.332127740781267,7.488095175410563
S015,9.128734064560872,11.163029166998385,11.816706537192525,10.689045150026228,9.84494142211829,10.307474988804648,9.570067208087032,12.83121976054042,9.211969532560369,9.718613036382513,9.846563656702578,10.349528196961542,11.24534657584509,10.136851059108668,11.59612454164407,10.203036946027247,11.491607507304222,13.460609578869086,7.011499414292,8.542948417240623,9.824708766797254,9.11069253253815,11.619367258026376,10.443773434051609,10.978578657366944,7.8760329622633485,8.813844322329533,9.173312545837776,8.835657472452946,10.116297100318858,8.932299349885211,10.700648948078632,11.934169206989665,12.939111263577646,9.421035792561028,9.855505589839296,10.368816500156806,10.30163525548632,7.475596237629923,6.490935258487332,9.723227778513191,10.782350763889186,10.588282252992139,12.693160203359007,9.250611111249224,8.645140967993013,10.425791759630457,10.799920095700035,9.913399482226511,7.869932866487544,10.249152817136986,7.212059735848112,12.556649402086034,10.131459260905421,10.246005952437205,7.956331177125559,9.578462774084517,9.500048346598952,9.123935623963868,10.565620098219057,9.91002663574852,8.245342978420709,10.737882422132252,8.825814063106867,9.481779125961367,12.687244313344864,11.584849598336099,9.792022388054216,7.936380818115326,8.649266476190245,11.460477364767163,10.740180680079565,8.730883904707376,10.441374009941145,9.913312918544712,10.119753774622659,10.738709654846877,10.183644574084257,10.668972375932418,9.630999673971218,8.37540907013953,7.957535595408081,8.706413382856812,11.254647880151907,10.855454323386665,11.410317646100747,7.882579446233321,7.764702009844077,7.384591062880825,11.261502246758377,9.996759650254463,10.88183738457332,11.734045743600849,9.926736173765713,11.061802059766562,9.528479586938973,10.08088564016763,9.367670971356675,10.18714678362749,9.115555674607368
S016,11.166441011622938,9.821648939096091,9.181178762172864,9.21104740053195,9.349605558572373,11.281917750165054,8.864800747657474,11.420361852988822,8.933570214667885,12.915139378647385,10.463060683170646,10.81635626992964,8.869616584520054,11.087507128458517,10.320714292204949,10.08130864663328,7.056496249251852,10.227876515471733,13.241348537662624,9.392763338461224,11.45447681550825,9.614894880063796,10.202659650611125,9.617517562400703,10.538710951185102,10.272712065968053,11.53352018884856,9.541689563104052,10.833646661958184,8.184261536648533,9.250658539294024,10.451953363551938,10.510877764621757,12.007346052240502,11.228852500175318,11.43034776161267,13.693371390174711,9.31196967767601,10.368102236155558,11.177133042069142,11.323702892553941,11.545865781585256,9.94753936396353,11.803005964913424,9.799931024948226,10.18044802130847,10.837003810428369,12.07211330335627,12.189085470505269,10.316925600454102,10.076731369630336,12.77039337494489,10.365091451821927,9.143897303384128,10.137195120177319,9.548937661051731,12.929852058919876,8.875180277986395,7.893539520515105,8.00260154637048,9.680074338785495,11.967943373815285,9.394390248297213,8.817731553307214,11.419359996534954,8.694066666384701,9.387933757475832,10.237339362840723,8.720569064841264,11.394964846787001,11.559770020406752,11.364625143031272,7.7537927012675185,10.06131403189002,11.697757793557155,9.317299119242453,10.12531689436901,8.517904293426428,10.153000522561031,10.066741910401086,8.650253054502745,13.075366386407897,10.677226228667438,11.615888818573488,8.096384538897345,9.108804792260289,9.632884512280606,13.025386540084881,11.32128633314859,7.84625662302439,11.149064718164578,13.074922717939987,11.21655795770372,7.701033270495383,8.485481818806623,10.745572883527643,11.679986488829433,10.053622741551433,11.022525761009597,8.206063465324654
S017,9.762273129536325,10.333168617283533,7.6017489754218115,10.309127907086443,10.662861033929111,9.863964408790897,7.940114242729014,11.51019832707658,12.69414705569473,10.101076508619755,11.448976748959074,9.943619371029689,10.590387032918354,11.356850583422647,9.778854668562143,9.16574181520995,9.315219573683619,8.2413361131801,13.827917107654375,9.864992611054307,9.895529969990488,9.734550266140653,10.996448986884891,9.397291541210766,10.733288741067064,9.84912750150118,9.420249658629823,8.414652316665872,9.838859858343465,6.628326708755886,8.521563470932506,9.785099227975198,10.09001779211674,10.581364505209493,9.061858867696277,12.643623329799292,7.932867587967706,11.415868980507206,9.173769366070733,10.745644594897186,8.285955251552164,9.940974628736715,10.11677449740847,9.863505196931891,10.740951716045656,10.871626522874044,8.729594806783217,8.212672161320901,12.248149134053183,10.662903783006966,8.684869507303684,9.104260572163248,8.250217135008947,6.641693060715922,11.276837213715893,9.20017795530536,10.267313504150298,9.116673411872403,9.280800793334436,10.011232604714397,6.955766041001283,10.045258858635693,10.472717888996574,9.331888663510991,7.703515988943384,11.11855912216747,11.187095987067526,9.528398092767407,11.18416972834559,12.18389985490129,7.422525982789718,7.512552811650192,9.32591066915472,11.798224125552252,11.166359983546949,10.395026508932533,12.108037886391331,12.883019409961971,9.024649554106237,12.1154821471669,12.179266607017432,11.716565759962977,11.846644228543038,10.696759206274704,9.576214336098623,9.344452058686059,9.014991373914318,11.709650545909469,9.063278083449779,13.521657476583991,10.661524427765494,10.755239747978269,9.692542996552719,10.641670404244103,8.223882968092191,8.442579821580177,11.85415617506223,8.61636443426647,9.004616288220694,9.067635529230984
S018,11.17360647411843,12.923972762546779,10.23308417155004,8.001915036874085,9.093255993245904,9.101688696736405,11.134205091701364,9.405807845282537,11.136339482292858,12.496398317441805,8.106799308342916,9.178423441050924,9.858808446292661,8.556742656288431,9.876113617255227,12.562013632053302,10.800642589312694,10.907559416680755,10.081609404303379,9.430441184966716,9.714845162068038,5.534827505381351,8.728191025987112,9.329786001283622,8.639611165391592,7.413486758067094,9.381532062693843,12.66888988796871,9.667773326805449,9.856603204808119,8.666395869614629,9.677656926724989,10.091645372654174,12.965790302508637,10.695031096217148,9.01042755866171,11.57979242536624,6.570047574561114,9.224629377822064,11.034086857939446,8.830065337598416,9.54631405485481,9.909026647945476,11.499568449628494,12.667358933116807,9.926154278695456,11.641083634161015,8.664539183060272,11.009997799991691,11.020277869856942,10.059830208926503,7.965899966075328,11.624347416326708,9.611228623798763,10.293605807356334,9.783600733232996,10.69439305548784,7.100705977310826,10.945661682960726,10.437242143355677,12.097555488107151,11.696610361255402,8.60965560192043,10.62744774881299,6.141386141244017,10.396827063932719,8.263688945558458,11.244364720756622,10.106738703246549,8.953420779916257,11.122977417434974,10.764354938737602,10.94539142944705,10.972047281296293,9.02911711433119,9.038765231188243,9.243266160441598,10.140962058823186,10.977141868283379,8.303255489310612,8.677739054327423,9.755189400944005,9.423753209692489,10.223935564190331,8.650055771358067,8.046778254679886,12.918672650326553,8.661165730096926,9.255243329318638,6.39489239657705,9.277008555920808,8.441803522023982,13.086438187180843,8.168280165770497,8.511372032059462,10.667728596654475,8.75541090251912,10.871288558064128,10.369735190144258,9.433526043745818
S019,7.356332942350944,8.869889343914751,10.676086477596153,9.05689114049461,12.15872751082026,10.15850653850724,10.70679702905514,11.372295803138755,9.24444249502669,9.453761882997908,11.227041003147548,9.037494057552488,7.165297046274965,7.29078914593093,12.321938432201057,11.150011784791161,9.020373633001462,8.288518769356482,10.134939918876439,9.654863428043422,11.734582883496932,9.005713950259793,9.362484285822516,10.538288165813642,8.415114880869183,8.703189286169252,10.495109316415808,10.571319407850677,10.652412262639658,9.781506053689109,9.005107645960148,10.220120202649477,8.704037970011992,6.269239949007799,9.696950207653632,9.652115702291262,12.838246380912073,10.94955513551495,9.197005712483554,11.098319603135383,10.774413462678808,10.714681258377718,8.780651522769672,10.321324528611402,8.968866543003,9.214990124544862,9.471108104587552,11.271049693141196,8.465481276715092,8.354836659716806,9.35021022516389,9.683498611444907,11.00587914187573,8.029983963733958,10.041732016021834,10.9493261707277,10.61569244197083,10.086766712072365,10.278759894700753,8.50216852340676,12.387673191337873,11.543245929153173,7.738101641220737,10.60805517331918,10.475436699222223,12.54739645507269,10.074579269863698,8.804213335407558,11.449214232263651,8.242090582726503,9.572241316990807,11.693510838492776,6.342185169384507,10.32980223631294,11.304947000915055,10.930363674559713,9.690057985988464,10.197642575655266,13.092689233179785,12.882930447487581,11.092985458051674,11.562738790846371,11.314305750893014,10.858861918428484,10.906843051965208,9.793088380052447,12.419050646190481,12.548035613799053,9.951520074462222,8.655104380818074,7.547153270505779,9.858798313710464,10.012700283487883,10.170923095870043,11.423451749512823,10.131418534790068,9.893604315336606,10.657441152498139,6.560665720782327,7.627165369929239
S020,11.595171415689002,10.830239701685716,12.817040904340615,11.439617994016674,10.995515036852767,9.194248848182923,8.531061781737733,10.04620843110912,9.42364860243558,8.320008442178747,8.693033308539464,8.05876970730213,8.632591587477313,9.094502703137145,10.491778856612369,9.063630188866938,11.330430101302682,10.319584203055145,9.735388009222861,9.289254084645279,10.666210588194078,10.601613661954193,10.75948037199608,9.382199389025262,8.582576278888268,12.326318103308367,8.332268453342888,9.651098783106535,11.20498847445629,9.317479423073351,7.2862458966129555,8.259592721828078,12.189472432816753,8.964706757680627,12.177388487496676,12.825830135855446,12.257383388215821,11.977880998086988,8.144434436207558,9.278402311918597,8.925479587085174,9.416549961661016,10.787715406821782,12.202825022927184,9.413427396526771,8.062223634469689,7.274100566581749,11.82458766480258,9.681500782501665,7.448407062026078,11.916704866687121,8.81182997108853,9.57129402683333,10.709081334196329,11.59663337420251,9.136004660875164,8.692862964764824,9.780518446165612,10.109511314450998,8.525261174275906,11.369568662641306,8.597787473226647,10.919740928997186,9.515651776912303,10.873058475452996,11.262192616920986,8.609909036143438,12.291961737660733,11.250106883399503,10.487588454926733,11.652412048836839,10.939485813059873,12.121560249848383,8.848570319837812,10.792139230103288,12.478438681795405,10.605136101084987,8.954943256802496,7.5180814529927025,9.76356485582929,13.311113966862308,11.30102043015034,11.123358519967637,11.971099118360566,11.16482626956956,9.41183928875686,10.619432007589532,14.018566637582985,11.78647261776118,7.458308551878654,12.883681453707696,10.880660760140774,12.352545080920281,6.721553237490543,9.820424965615937,10.818016271085813,8.923957152317925,9.713713151380613,10.271325657704626,9.931427740655826
S021,11.924228325823043,11.2873931662774,11.31088814326148,10.822049052721075,9.490007777072444,11.469409593781812,10.068772090556678,9.810778730091291,8.822841475732575,7.946367047828748,10.838710173720196,11.341392154830132,9.659278205163499,10.725927642545873,9.149061704029851,11.363066384731912,8.137960331101862,10.291193596867911,10.02558970163404,10.441914257492448,9.867743504305288,10.724295662705803,11.95749561502882,9.775444822822468,12.191900419113157,8.274906126143595,9.993708193849356,7.808511064138312,11.150374511956983,9.890690961770167,9.884450047703668,11.967145602592845,11.738030325013701,9.338112894893957,7.990344510580428,11.173810341438465,7.8868113655172865,11.144040661827338,8.247991921414012,8.757616700287866,9.12730296666785,8.696359670239097,9.282768487004615,9.129434274421211,10.076556956252439,10.447823899854404,12.745061075200926,12.21555080605978,13.350339270012057,9.187679096354728,9.165599736215352,9.691838425075154,9.692888883804919,8.855157243909343,8.435734023031728,8.311662175182235,10.508611288622697,11.51296595415069,10.963484665737083,11.48551588589225,11.85668611608913,5.447470565426037,11.999347353469046,10.076467756807705,8.893213695697355,11.542587811712597,9.072146577328498,9.315815471529723,11.81335272014481,8.867954772435311,10.332728285532488,9.040922454320278,11.986698745082016,10.739478109417284,11.555519601912323,11.951782959972377,9.052284966019814,9.608515649610705,8.595263646583192,8.64727510584228,8.439885204467684,11.021321613995237,11.998389560633505,10.222016757623754,12.382816972151076,11.348392969197583,11.49267709123109,11.817791089344734,8.690951250470818,9.883496945742058,10.534299247585217,10.3231267926935,10.436993319185051,8.383925387649121,13.039128499157826,9.736004632790996,11.425029338314873,10.4856931487491,11.74273964107974,9.624338298578994
S022,9.940741807041753,8.658439112902286,10.70576514585846,6.863000441032117,10.22067144570172,7.126432966752693,10.626119027281666,9.106936927482648,9.814388445333048,10.347327765712231,9.201754745814096,9.010985724968382,7.249844795046417,10.071939900158412,10.051272664658958,9.730519932265596,9.188830596035734,8.575313999535657,10.306149743491813,7.8892294744276095,11.147058840047539,13.20838598838343,10.983707618309474,10.532921751168614,9.471480048930008,7.651253992992065,10.80343247254321,10.143071575720738,9.982868842310605,11.428123278860674,8.79701994973036,10.199277152238126,11.10784354844615,10.921332248457354,10.728387744041981,10.52549974540984,13.161635294838524,10.37141032565402,11.80423797495576,9.626115287921223,7.197498092960053,8.970517077581482,11.977429383155824,9.755731247422077,9.515744941369102,12.65156223915708,8.728190821559563,12.46519054035804,7.875484682242378,7.904430708682932,11.34298073514852,8.661027229891474,9.91079920187593,9.633543580524494,8.007038318030338,10.537713092017615,8.204131812101748,8.68563574612344,8.604058917521666,11.046154133949903,10.49480168062732,10.532375610121832,9.83755513087254,10.396515580639562,10.407085950855356,8.942106415829791,9.223486920013615,7.8238231529221025,14.064427120368139,8.583288312714389,10.592334280577509,11.510388189032168,11.916825732376017,10.11895153495334,8.437388103411386,9.667308678345615,9.839231987489182,8.588392745286072,8.90725604795277,9.581908888540111,10.721896240124371,11.359919467917637,11.0895813270132,10.212418538272377,12.381314103943927,12.332066639859267,9.271631240299298,9.697321047128266,10.815222997312363,10.156253978523415,10.531248789892658,11.605545790654844,11.82533245793313,11.6957180691185,8.571057950621103,9.4030694629303,9.739708216977611,9.637459222003072,11.068400085931707,12.242025549355658
S023,10.809570910896028,11.551306262755714,9.325283035877916,10.348819897397584,10.336679841569424,10.07836933151724,9.044551742055273,10.889022277870168,9.232754261898837,10.565693631593545,9.069926292405462,12.708035393094558,8.78226233715293,10.165767545293944,8.699367021747205,11.145806859514076,7.704178539106467,8.719824795649778,8.154053133277262,9.599312488772807,9.085924778143726,9.342932464448747,9.454754932137488,9.934994604005858,10.838844940227405,12.470258876000589,9.620400969762272,8.621679934789695,10.322575545796674,7.465829630490988,8.330400899769497,7.348288309752066,9.398996641238268,8.33628431721016,9.378310136322298,10.17182808364664,10.934526206212796,10.06218581457233,7.942621328788254,7.249132126812461,10.801553722507926,8.73822472027507,10.141622989878897,10.405695643761796,11.220159423342913,11.332893201618827,8.613134918873502,12.071749455954212,7.809763846882377,11.2516630905787,11.938763614767424,8.151443594231557,10.704797540507762,10.373329989298062,9.69533420041361,11.155021067790981,11.457431974321192,10.117950186939362,11.07550663541225,9.690874978282013,12.652352985111094,10.917040367408552,10.448548400654582,10.5148654358686,10.375173127180478,11.087827348286133,9.395663794009444,10.145800022554115,9.272654050343682,10.800719046314189,7.730707344169877,9.517125384923506,10.884816644013195,11.48662926274892,8.56889739188804,9.694079142465728,9.775432041900448,7.52830226819785,12.868280940172058,12.636695808537187,10.748082571155756,8.355047189379025,10.725818300430797,9.118228834322442,8.829091789201305,12.53954624303164,7.754109217987079,12.226623920805793,6.261082391136878,10.300591647953398,10.665438190490118,12.013640815210906,10.233840219247847,11.259739498902313,11.105968370848245,9.662574780453465,10.937366567984347,8.914189361919785,10.8754068483978,10.370673814308004
S024,9.693365598770544,9.976147201677662,10.486090976261508,9.44697733695264,7.624539351853969,10.38230964441117,10.588408683674338,12.416388772189386,10.385443560674712,8.56962790094158,10.69375765144656,9.373393534243114,10.648360219999503,10.506272305223977,9.108109101497663,13.895642861988925,10.419614188894274,9.918029917045981,10.611250140815647,9.151618540062813,10.598730631241258,12.26775946108524,10.523295496495155,9.823093499743369,11.523817635911541,10.721977318669325,10.04911163950165,9.483468850723686,9.339302463596056,7.253639619678859,11.095614962677354,10.870648985731272,10.554272002176155,7.9232224699018206,9.93626468990442,11.32709412472149,9.069359177825534,10.24722077586696,10.877065303965365,11.58600647754991,11.679047421341123,11.980808926074328,13.367985498841165,11.163993410610862,8.429080802213571,10.408059218119199,11.526499669776227,9.261309496229307,10.350732821040888,11.73284022334816,9.808982259560645,10.813665574336904,9.028811673770981,10.122845414227752,13.151606170713041,10.918878107279543,11.468751834599981,9.691131021625978,8.88777021839662,8.874812219547549,10.068916292649465,8.56300034187754,10.728494037529885,12.293721019540332,12.330603778576464,9.658585976501517,11.105864485388198,10.618475081062186,12.723901001540815,9.047815249391343,10.648974182748976,8.935481762821007,8.999058322481075,11.107727344272071,9.41894258838763,7.884681389382054,9.884871716001857,8.685272819785373,8.312463662354572,9.687356488860036,9.608461705321552,12.676924338543461,11.506095816440444,10.260773892019188,10.563264861554787,12.16973575271906,12.305130347717615,10.202763455168204,10.273449692056156,6.891994434431645,7.536599926161723,10.731057192009018,8.908638986961474,13.089579838294334,6.759871141465411,10.199808236302582,5.649729606013471,9.219016429764,9.639703425089163,7.709821416161642
S025,9.284790642476198,13.282663336383028,10.40157723159308,10.882243940912849,9.110214760328677,10.48889097604733,6.968073048699592,10.726086859311312,11.353543001812563,10.44900316927983,9.74939113001673,11.212351395954819,11.577368806737697,9.418893610900794,10.18908772739293,9.551416153569187,9.827760905318206,11.717224111933636,12.703150383418379,8.577090892317885,8.403872087135305,8.125842986087772,8.160050369280011,9.582735988438763,10.767720205686786,9.095326201880308,11.40215930355066,9.81825605786059,9.739456953938229,10.427004919753456,9.900137774949874,9.110169400526669,10.052501795691903,8.154855574573466,10.87491204120357,11.181139214883984,9.538461541638819,9.841566936319582,7.96165544029725,11.498856464848352,12.625482227610284,10.66179665877687,10.350304710595562,7.738515022616724,9.599601547133343,9.34927418734505,8.940108685143919,7.6764878891197945,7.298894953783293,12.01899805495799,9.870820111766028,10.99655986807981,10.79789027808516,8.346685149049,11.737783872455703,10.425199350848512,9.329362032306852,8.896201891941441,11.120062072169848,8.513699130603516,9.72717786304673,9.956882132952593,10.383555605048363,8.881653489218579,8.542130677563982,12.188298868482718,11.089965139782562,9.589842840472357,10.300425895209539,11.701076153326545,12.597169425783974,10.975778799561265,10.699461559669185,10.895916774098648,10.751758878410289,9.676644954002182,10.35943584491682,10.299981399846487,8.391568996093197,9.574514507626027,7.900730860024893,9.035501820830515,10.132700061563675,7.980857904531161,11.32986326929921,10.308355339583219,11.748465197173795,7.9881339045131385,9.019015294569616,8.366539920004541,7.169133247455813,8.153932057070273,10.113278929336396,11.548626613365114,11.814214914659194,11.195175344563468,10.596777553427994,8.596958078269022,9.69203849318619,10.93778251807161
S026,8.213759437699718,12.150458807302051,9.667585172379885,8.17231110807347,14.558502607058202,9.029513320872871,11.240027117313247,10.04657253817046,12.023907468474047,7.796701187879375,10.352552507741256,12.637509293599805,9.352173055461304,8.902387967930848,9.952239912508196,11.514405010052517,10.098923514552993,8.753242875802767,10.785609664438912,11.348827446361941,9.765121277028502,11.813421393176315,9.867501639714293,10.71366788552561,9.235010787452229,11.540745355758911,10.90071539469232,10.014248754057641,9.47870137442867,7.694501137795771,10.32553050357956,8.888833739961834,9.105236537726908,9.901687847468951,11.863547535571005,11.00849802533135,12.179369258982327,11.440317059379552,9.051153924283627,9.660389846244867,13.125603233643638,10.810272166257826,11.66128095998456,12.160249027356942,8.702182728330717,7.481176216231199,11.025464556023035,8.982439078760882,10.594181887318562,10.24666999571966,10.800936676885152,9.427565387494779,10.38892794519656,9.347570154005998,7.2954477331172285,8.496313693910967,8.90478740137895,10.833019360691996,9.450746013382666,10.619125879330003,11.831016910357846,10.446948202528247,11.828159361681436,10.650595579955679,12.679515122435383,10.913737340137823,10.579296980475222,8.90742867219534,11.778778975231718,9.625545323580823,10.135918293574292,8.76726561368248,11.571281354655854,8.724559377868754,11.46351464866579,9.857417895380445,10.503073480358498,8.016978591350714,10.76361158172037,10.825513287361238,8.697387571849422,10.249790608688446,9.56747582420287,13.52794235920744,11.087799051266922,11.061309210138475,9.74020190586343,9.216446002429052,11.296529615474027,8.891797838928126,13.352031573283995,12.310125162469223,11.145690840591374,11.172038989240622,10.00960740079434,12.947474455840238,8.761152427550002,9.720219987549676,10.595156563691543,8.572946764682435
S027,9.69851377748454,9.615720177448418,11.703388881623805,10.358921804555264,11.155214182122624,9.54613002618385,11.77526861601152,10.632049362096701,7.686366385605206,9.754671789522277,11.188281153596632,10.025735690738179,11.359914755390676,8.893069965239844,12.156930884785062,10.480966069097475,9.507004037339824,8.401431940480037,11.332154663724461,7.9978765654675295,11.298291269674182,10.16922677237771,10.319315905985324,9.914389258984233,11.589790734661442,8.922008439630194,9.249625391100443,9.627271563443717,8.68247143219711,8.5911083508634,9.809141669987543,9.319089692470143,10.64794291682668,9.543778830002136,12.089915964396859,10.973551179661833,9.30001783665655,9.40281647423146,12.224614807233277,8.988743524442604,11.655009911799748,8.611591623359228,8.778715381656307,11.502285421029265,9.900655297352804,9.041914772539771,9.809178337981722,7.980579564660282,10.637490847044493,11.568831816239047,7.779268656620946,12.580803041612164,12.221528158242844,9.620053645309374,12.592216469064542,11.411718001072353,11.537336197592946,10.074337110765029,9.472064901312878,11.86048893707129,8.34503099512781,7.615551337846467,8.145375969755248,13.026292631258501,9.485495443322536,8.108657505039481,8.856169234174843,9.025931389349408,10.926713025014307,8.260739763877801,9.52208219202915,11.750071552610056,9.020859390221764,10.22136940199709,9.220074615996085,11.137481174044604,12.286529439401782,12.5881074635524,8.2087882719643,10.922320948473264,9.557866806070352,11.878726902429099,8.107907908318111,10.664805522598462,9.062231379645624,10.381333597352102,7.514724330758675,10.188921068400651,10.519378840985894,11.109019919032825,11.289423515963657,9.711455495383417,10.151180761917836,9.37052059514811,9.53936480235781,10.91899746765367,10.027460408054681,10.565649253304581,11.344011152634582,9.009900076070402
S028,11.31149547367919,12.8385448871324,9.161871143289101,9.871115845665928,8.69605407181289,11.279400874870671,12.123679240736255,10.315011100649464,10.058558867939917,10.335468211845928,8.247137335521309,9.579341857298491,11.340594397689243,11.803540633832867,11.907852905845301,9.578539032477519,11.453794206249093,9.23242378937999,10.840614062988198,13.115979774200726,9.14359145718909,10.186090213783828,11.924540165493486,10.749348500371113,9.886017283904787,11.179554540305475,11.07213738391432,9.881760410445482,11.531958154529258,9.645354757567116,9.00753569020838,10.277236777534057,12.486224475490546,7.95364308238065,10.494136770320361,10.394705780735919,10.249104587278655,10.172323485405647,7.458538231981143,7.4976421987621755,9.428874258790408,8.954192380174929,9.131862348939169,8.285408071692856,10.430099427940522,9.854198407113593,9.986943008562323,11.386211757876566,6.8280565953584,8.144287157475164,9.631145845882562,7.455329555859603,9.11266283557969,11.888493329411972,8.617678189905906,7.712758113677677,11.857452807008393,9.87280981427115,11.537354938618082,11.021375976212342,8.566935799351974,11.076259863324754,7.626017942459295,9.577839926247345,13.332676081581045,9.006972685649151,10.400309307289662,10.95403585934843,12.498350599956627,10.446592084399184,10.628636294461481,9.238631486067337,10.91799836222734,10.191074499391503,9.952482679199559,9.833964192650498,10.028852205445576,9.741060725033726,9.061746085927416,10.74416345097184,12.342569600060804,8.933395966719123,9.780235125225644,5.644520594227367,9.390691816302489,10.110673157521253,10.51775983878398,9.138840446054644,11.46346202742399,7.693192195137394,12.010466890502261,9.945424245859046,9.467325217528213,11.173175788587388,9.66425352364027,11.141149509249551,11.801162836638776,7.839522543059486,9.358482707203402,7.920112506529636
S029,13.096793087226665,10.294042386570975,9.201942112880566,8.648751669484263,8.81396468876032,8.899661125098735,7.95013759932272,6.217814545048949,11.192015590003871,11.635929055371506,12.518221741446222,8.111361362500576,7.020395253250643,7.560736616451292,7.940323799291178,9.230769729818006,8.87612955545092,10.274852648533138,8.21937118427407,12.00605107644099,10.194246885125581,9.18743185743801,8.606799403207608,9.638507450562507,10.241567281417314,10.063570977894878,9.379153005298695,8.222759811108858,7.53385294392762,7.889579967338487,11.424938906461373,8.567801363078338,10.446270017026952,9.768008958313207,10.259991553412783,9.86252017432674,6.210425716612722,8.443981005207522,12.18185023626041,11.141104455971648,8.817225026269481,9.64043001362856,10.48323528582609,8.893968298701639,7.780101133484736,13.098815150805471,11.130495435389495,12.22901665367139,9.22482330250702,9.597840058541765,11.772162501930058,9.815638046291989,8.628780953891596,7.536006300846619,10.38160527251073,9.943886411948203,8.958717262337794,9.38629492537996,8.422653240367836,9.071921178794003,10.37436653564242,9.092113295358347,5.848359616306549,5.9353099018319675,8.53772474768144,12.087362358719746,10.387428872868968,11.486002039436737,12.10606611180791,10.016795310493288,12.0315775912209,9.053802371024059,11.464626385861692,12.81573075050978,7.970237585963824,7.372721139542108,8.17081316484586,9.875779137528646,10.459451073031723,7.164536361159703,10.206045328040128,10.242673437079668,13.53805399610037,10.853539867129939,9.3981982984462,10.834564267099934,8.709766854954857,8.527829842799084,11.284814003203275,10.01988641182989,10.40915452900366,10.557101534297864,13.077079705400939,10.43646716567726,10.661924469111755,11.696385237923131,9.563363762564602,11.964870932281144,10.54697776899212,12.366803699475389
S030,11.319020370996961,12.346714868652723,7.411163226980151,10.561093381119473,7.353587248248576,8.992061653813177,7.199675851543661,8.714554525070758,10.178240952681906,7.934091701679713,9.506549807066438,12.41696545943064,11.476565529007386,10.862419026131109,10.906500200869514,10.265099181106606,11.844419103537216,9.18037194541564,9.286255235553673,7.826315035499869,10.26199116976786,11.798279418469209,11.545494153600757,9.157833680612002,9.386435614471653,9.078940372234836,7.617054029880233,11.183226778067876,8.271351201874463,9.201698037725834,10.412960062271772,9.133644301136766,8.492144960292237,11.767023204462472,13.508896426746572,10.021927276858039,13.110766205882438,9.217316615356525,10.175375516503385,8.90430232730236,7.88225631518028,9.964354458936848,11.850487022343303,9.180200171905614,8.973682232716978,9.436364497288801,8.46195596180942,8.029861054318365,8.800166386751346,10.190852766484166,11.50260138416573,11.5020199374993,10.290573977998314,9.732023139748962,9.86350720184062,15.584146421260542,9.703119943279852,12.36398532990881,12.17268530949126,10.014622117925027,11.78078208867339,10.168128863211146,10.011554782026609,11.490991558662474,11.331907378850747,9.8439867240728,8.791333044687153,9.71062185368842,10.378309814874978,10.228931270608081,10.199014629657457,11.080009836643006,10.46801633039786,7.631064034311358,10.86245783183689,11.911795903288688,11.740155059751238,10.840953664511863,10.004151903840487,11.77433397253651,8.065734224124018,7.967988583374748,10.401939360902022,10.312565626302657,13.435973030779586,11.303244934629197,12.962838361772658,8.503564140284695,7.629023089922308,8.545326667800351,10.21668273909516,10.466888355507049,10.777487763330463,12.660495655232001,12.287052121880942,9.295286269659584,7.043254525325597,11.115855014932661,10.718611341850584,8.614365137386132
S031,9.452175676735433,9.022489229487917,11.834365971178826,12.955159566413382,10.925882997191577,10.089177888053037,10.230288958621864,9.549720987523264,10.222415154829603,12.16819776293434,9.691300206979307,10.649655452626696,9.60365840809016,10.073298963420315,10.896815631402369,12.36798605399539,9.458311857807146,8.850543173528923,11.559450144105716,9.947884942775724,11.412212796180285,10.997555057206919,10.155613712157946,10.587498700338422,9.472678664745947,10.528542292304875,12.629554737687796,11.801850288553101,9.904892751439313,8.49143759746072,12.197308839511047,12.177967787469953,9.435110286480588,8.820376105744268,10.14135478916963,9.364573020977167,9.303765247403053,9.827621602984001,11.838665403211483,8.381318131747895,8.603843540084501,9.779426987383376,10.644531693346726,8.170447655269168,11.744608246450412,10.682491450309673,8.882628871663375,11.831847868456936,10.158074660286669,11.500276872449914,11.202188102731157,10.027095903106831,11.18893501752638,12.335708155532206,9.079923157779312,10.195586172927658,12.105065540274602,7.267105585470149,9.540522909681453,12.351002735725327,10.30101863486719,8.755607445773391,9.667186625082644,9.589892769098647,12.859278979348524,10.420846104891746,11.832395837844247,7.63094614687797,9.380624679893007,10.613018747961874,8.604675841023536,9.274280434581463,9.679633348076685,10.921414864441095,9.046721793116978,10.945085423382173,11.065993600113233,11.717985424439462,9.608771833359565,11.240424209659007,8.751163159219981,9.231701725253593,9.976516121074107,7.85479512421575,10.864398350629674,10.7755931059693,9.532202652068335,9.31440634283653,10.331217622050094,10.038602184548585,7.209177312367279,9.96315758637011,12.50190425662659,7.907270862676101,10.646932351513577,8.21455465105153,10.202369218967982,9.839247384301574,10.674850692878076,12.050735347215234
S032,9.916420170293003,10.25353857868583,10.38367556298968,11.016443857319063,12.67636259071095,14.755527500193416,9.753080855062004,9.07912979870935,13.008008098287014,8.440335950746436,8.6849230764705,10.523855703829286,9.794175801717914,10.593060143951806,9.210587322240483,14.822669148534374,9.63613368843049,8.984671310898138,9.654197206985897,10.507612616452906,9.435153739607934,13.131192642580697,11.145059367612339,8.86905714887458,8.779006991276699,8.937997487472952,9.55908647956914,10.50700956270881,10.182145158339843,11.053409055204673,9.058385793390697,9.651078584023846,8.342469290279984,9.168886176694139,11.440809666956763,8.441264650305568,9.633051782966037,8.957844102183389,8.749440130341025,9.829895610747112,7.511847193069761,8.681724047469697,10.008609759334199,12.173759584128444,10.196589829154883,11.58803373536742,9.25848976301551,13.559389444497938,10.641301139953988,6.610745683111808,9.319532914939552,10.369791041858383,11.851503346967938,8.508500042011777,11.51969020683268,9.98804340412881,9.92595159705441,9.246595430813587,9.81642921271821,9.37596197478297,10.644947263175663,10.41630696253082,5.258320450852044,9.985737054877609,8.930007626532959,8.950795228816634,11.433912122045987,11.444165702291969,9.542888290500322,9.978521787476518,10.971985939101685,8.368543043004514,13.321366009004578,9.54045181545893,9.910961465717476,10.963059676084791,10.22129709600961,8.395601159742467,9.104312004383136,10.773795752571914,7.792137371921439,7.3277844907175025,10.878548190940036,9.295540954875454,13.058052015257708,9.011197732363074,12.075604455529882,9.168383978495196,10.21393546375759,11.915720864048353,10.832858681525279,8.046845783967196,11.767793369186135,9.413890036380655,11.874478069947651,6.213015604732982,12.10340800908731,8.937796581952561,8.815068770618643,11.60480824483739
S033,7.395129942095911,10.214025665403211,10.453208326183754,12.723957562553782,8.46971111851657,12.119342665466846,9.934480288367515,9.995066996974229,9.445066368116759,10.273055535141475,7.871020282894488,11.261853571969787,5.716823242802807,10.76257990667087,9.004765775165422,10.413357902123508,9.147637930016245,9.929617969992291,11.764859326191957,8.385672341015859,10.133787602882624,9.362192517462425,12.25354990107651,9.11502434901699,11.376727880149218,8.979371223537626,9.604740577820232,9.546984007264278,8.3944235772584,13.50774594949787,8.414887930356999,9.00905967312367,10.514443883318789,7.530710213504514,8.729276938517716,11.624555962219453,9.162282933394335,10.787387944044188,7.833926241515348,11.881656189711379,8.321145062754127,12.472787818647976,8.736262232065096,8.732531552755452,8.659971433011378,9.645032105315938,12.605001103668169,10.385826066217849,10.359732958191655,10.32723604308785,12.039522930574774,8.637821879254597,11.199385693206258,11.27586105048485,9.651021503897498,11.537165590716075,11.954352176679992,9.692205344569182,8.476324419584586,9.696506385838386,10.454972878777427,8.525347735175433,10.417028825391606,8.535351024087834,9.4228886189062,8.91900414976813,8.719942262599098,9.411799960126258,8.707591641737832,9.053554004219183,9.91708732933478,7.253394284256331,10.72651063045568,12.385103109701959,9.054772351573392,10.193977040617026,9.126566305097187,6.466339002489367,10.065568981859215,10.964648158653809,11.499953206090481,9.064212489106882,10.39422911829361,9.949399003611266,8.22193718667006,9.755344556549037,12.604566925070209,12.081034582710291,10.124115423584337,13.345449630788075,8.99977977285405,7.213381094664685,9.278165835658488,10.095689777973321,7.309882757615661,7.868277703106758,12.730094112463059,13.010682775323307,12.444501756274565,10.372293103118203
S034,11.764993926544994,10.192416560703375,9.425310188888231,10.195202923279995,9.681888087100798,10.949871843301402,11.26424234463754,9.14710213700087,12.802628544384483,9.52226947841812,13.4514085882309,8.79075621147201,9.700958472040222,8.563361974365485,10.44514590678975,9.262323103891063,9.513236295677654,9.747833106282336,7.490784285235179,10.268645451889617,8.134847680475787,10.091021431384258,10.83282117344217,9.521425236069547,13.028849109479978,12.565115566575631,11.177024874596206,10.862623427644879,8.3095903834222,8.308720848973365,6.998955862089652,9.655329464932542,12.28300354271138,9.412245701374626,9.073053293007282,9.991824351357808,11.798726113981115,7.368976233095446,10.748748013131298,9.782785859480336,8.172515951830123,13.023365874692193,10.64746936519828,11.604707112849695,11.953895675584507,11.154776058952809,8.148670836586778,8.731625158328741,10.612638816169303,10.101404578659478,12.464348007788915,10.947539463994339,8.053496089746028,9.777137908145653,9.655754804400601,9.628001184697258,9.678923319623248,7.985821829010635,11.54926201724112,9.92197071331744,9.271350466736026,10.749467664982774,7.332821169752231,9.574649074023194,7.599567494092914,11.621926528390189,11.435112184912823,10.615777160203818,10.305106106992278,8.328149414596654,7.01860843262728,10.880611107163093,10.249642717717505,8.942121237587374,8.734554260388709,10.793909819205334,10.538240287512536,10.378092817308449,10.043784510526296,11.747498936667974,10.297763639069005,9.295796315993652,6.765631678603009,11.040062349089338,11.378998676454533,6.959900402262284,8.111312689306848,10.89164639316056,10.370499573068939,11.765234019707544,12.257443098389192,9.76243349430076,9.944381880109752,10.4643092898914,6.344967282571295,10.855433146021152,11.848063443941946,10.37493993429815,9.736073214793935,11.951650385082571
S035,11.125444363109526,13.603954580571198,11.247681043596053,9.286316928542025,11.771763499818022,9.649992556125191,7.78868858016839,12.793641356423816,10.789640281596547,10.85019260543774,10.413175944787422,9.230329009275165,11.56454709521186,11.184119706705598,10.526202730894976,7.329041315952617,9.827368375099518,10.305071352471519,10.754950030756007,9.58060374164505,9.447384257545348,8.486927000850836,9.7504502556825,11.524167685965248,8.42995932467402,10.548656509199304,9.950378000992371,8.972678545957844,8.845024070559013,12.383771985397749,9.733602757123581,10.319234770487178,12.134368745532111,10.646322439025017,11.178235340165859,9.132673371051087,9.9242634212611,10.8219823572361,9.32801076471129,9.466954331842652,10.12763749403367,9.51848232325838,9.481232554251616,10.67868676255718,10.750977708444482,7.964089465810124,8.44767774726921,10.252490172119993,9.10477316459055,10.26648679064883,9.540667129785852,9.323806748786794,10.65904306352728,10.038943324239632,7.700697921150907,8.845336085061387,12.010387209184465,10.72559360016153,9.153530554558515,11.633756874758749,8.55547704849549,10.85482416554678,9.97190356198592,11.049973528883989,9.671075257637742,10.823630589100642,11.858419019606938,7.734722768108561,9.586907859246683,11.429763900812201,8.198027590914732,10.928760799464465,10.079066969259573,11.762136024284082,9.91936136504149,10.610844663376634,10.046543644416067,9.082333368624708,10.73440541833918,11.948339883542475,5.969439428178883,6.8313394974328725,9.944961866295296,9.33034212702285,11.190993694204751,9.282141455047036,10.401219276900703,9.26954610809462,9.880623239292374,10.020867777861715,10.497923000271122,9.824235913523063,11.264108207392928,7.51182243009143,9.175436609793348,11.694201957966643,9.274572988120063,11.572791014020543,8.9287265321301,11.372882706632112
S036,11.582520734880443,8.562331191647736,10.507876699743052,9.179277780413003,11.202354723475622,9.939899399650432,8.640715938810581,9.05547374424308,9.139486732211138,8.105994196536086,9.157685833955734,9.291713232092638,9.525178560719324,8.531999452912197,7.736491295216831,10.235633942036223,10.513463664873036,6.764540575311324,11.530161784841203,9.924661494877991,8.648512396870002,9.498768588022143,8.799948922921995,9.286430554033217,7.241677010754468,8.611831782804398,9.779183047304349,10.972757288291586,8.558807980244394,10.102804937398671,9.327501408043396,12.132448847166106,8.313441251229198,9.901501554990102,8.339823778043268,8.677121719317654,9.006693685272378,7.97948778381534,15.629887578211942,10.355365125416544,7.504957567941998,11.061661908633244,9.812479107119447,10.874787660077176,9.062976255274604,9.253494238474739,9.743835220981364,10.353535189328255,12.63479635302054,14.671975717246145,11.169004758015992,10.269323639382577,9.411263820641356,10.628738369674755,10.90972621800264,12.054789932198187,7.722326916665692,9.99650952804543,10.82872927021916,9.19898242158078,13.662483292917546,12.060170864467645,9.598819390342362,10.190958764496097,10.483178727829037,10.623539819898472,9.313325528675488,9.564588396696678,11.408134043491629,10.949528836736018,10.324523128278104,9.864874967189563,8.504068142952748,12.340756860299592,9.569590707325668,11.15635263294726,10.606086861093226,7.1259707569654624,10.788418827739788,8.770486581986384,11.788954600242784,8.953655087655573,9.620346922301016,13.12946151663655,10.19903178759747,11.142644883565024,9.930940178130628,9.67832074136733,10.416727710527718,10.319217073412513,10.709357461018396,11.632923631711627,9.052832961930731,12.537584698767947,12.295600505440824,7.22876698986174,8.889017778140877,9.697734440017904,7.180457217723928,8.622171491615319
S037,10.841398116849046,8.333492520704697,8.05677881221097,9.424767853721358,9.504752196305724,9.94043825356385,10.704568571479687,12.22858650043988,10.106099277624413,10.207161339205733,7.677426291346206,9.572160171569678,7.8550606083017644,7.833316231738118,9.924132802351306,10.843603815915209,11.359896696983474,9.715418412850395,9.697388370796737,8.889307783680026,12.759464301829414,6.030815429682335,8.135915253835018,7.589802574675447,6.11868086861984,11.091471432474084,11.142775638371154,9.31868564695001,12.355705360933023,8.759416938772889,10.077455130272014,11.384354415067275,10.113210541323276,11.262736596532504,10.54720473520907,12.201909303300827,10.357050512365966,9.905573682084109,10.343602747419999,11.385155728524245,6.07854638526328,10.090452555610552,8.657669104140409,10.791002050277037,9.986138651276287,8.247625184915043,9.706091597342185,10.15090333307506,9.967599681549922,6.892789488087113,7.5738311208627636,11.964185483131276,9.34322420199866,8.41286608897022,8.822126769302447,10.305369493004585,8.482647795008402,10.1589493516935,8.747538919148,11.576222962214455,10.353361874030368,9.080118634090153,10.529356362809189,10.96549317032825,12.179887130125778,12.166479579537146,9.349965852089268,11.000893365822801,11.929660025915677,10.70151554089992,7.490786286090022,10.100863829472896,12.126415269014037,9.727742616804932,10.131863161668765,11.269364391544944,8.625030464832161,10.629546220878936,9.667946124739128,10.227933005329133,9.486677011457637,9.127900778145948,11.832987604290189,11.648147183233199,11.23252045110219,7.338328276599251,11.08691588801932,7.7255780723752405,10.682336388022113,12.540645424571089,9.442260925089444,5.394421755475726,9.575182470293184,6.535166988429077,10.637914167646638,9.002046907831092,10.640515126999826,11.695710510214733,9.823458667169222,7.554214648987721
S038,10.41986686335407,9.997765783085164,8.884266468317255,10.648847570057814,7.832859425811515,7.311151064059672,10.078251589654272,9.600293261106136,11.064564506043823,7.66999247818518,8.902098852260895,10.947835754418938,9.056088106335356,10.052060559888554,11.369615278560568,9.89650812356191,10.128635578948238,8.877294091027467,10.265514341919154,8.737565870735889,11.010850023315559,10.796360940026807,10.529542533730071,7.432720458491091,11.439957815197413,11.96429079167786,11.616182369487872,8.8899353001414,12.920207113377105,9.064990837222801,11.686685471828229,10.06741067238418,10.659592683172235,10.086349561480109,11.019433259099872,8.288461475920748,12.998083215066927,9.924715486408155,9.624468176297922,12.269472626441114,9.483282264292626,9.309908646228767,8.660120476924321,9.788487942795506,11.392943295995309,10.700426521056192,10.270001119470564,9.735033264313152,7.135048663658095,9.656404867745973,11.662465150688835,11.067790401427057,9.459132747338783,10.043025919509462,9.824740140627114,10.250648115517874,11.53460165166266,10.886194014927336,9.877359274724471,10.309873170069016,12.734357767769831,7.8201501230965755,11.591027963069479,9.806586322899989,10.548892263748067,11.850734061325504,10.987876211989413,8.406753726842192,10.317814980999373,9.202236721574383,8.377848977285051,11.523404935133888,9.772586225456777,8.894377955046926,10.494236367237603,10.279085578401672,10.06075919172022,10.50664898056455,9.267035068552467,10.641161794272694,13.312472021002847,10.772909936814738,9.191116246890607,11.09039061854936,10.745981201768766,12.951016110904272,11.60260069676669,11.04746855395909,8.932353262023316,9.411319778302587,11.127493610073302,10.5376826288286,11.784134563626244,9.026273574451075,11.581066996780287,8.079066790080688,10.939344438025172,10.395327508953915,9.563326371149381,9.284786793333073
S039,8.936831312162115,10.97918242800991,13.204321592043101,11.064471217411013,7.913005654640988,10.056430315930191,9.521219583743168,10.547842168368831,10.314978882103485,6.543943270867668,10.683439985382845,8.771971728339246,12.153949777285192,9.546440050773572,11.455492273383971,10.100454818070853,9.774457817188026,9.388800088691506,10.554148846527756,10.391781098500452,12.417319714575166,10.564074596025288,10.06093470812232,8.428193071669568,8.576267896333723,9.627560155499353,7.224346389128931,8.652616395867256,10.057838682035646,8.393418925318917,9.97368349769448,7.9572752802789495,8.757607249344401,9.91192395439082,9.636721146432084,9.205979333808006,9.426775355594565,8.494287832640204,6.55021128838742,8.253455992320207,5.508742826924523,9.525892639729907,9.313053540900604,10.872659682897492,9.334582110911906,8.264484082880994,11.31710710726115,10.549752440547271,10.49731055315155,7.769126701895482,9.189858361032542,10.25480657743815,8.10461981785698,9.74917863854499,9.234320073107884,8.457528685507999,11.195722357808425,11.260872393069693,11.427335010513481,10.615770416898172,5.439268552754676,10.507126910258245,10.479377876512084,8.902047838474703,10.557620689886747,10.290159656541736,10.971365627758384,10.793994133615836,6.984899357589301,9.674129505462437,13.69137695259362,8.088371576427866,10.94507657344607,8.659801271488789,9.963373979088425,11.56756123258486,9.766419665036434,11.30257746041454,10.643224408959956,12.69000786241858,9.67714276641188,9.863011083781103,10.113724240865485,11.010613927399438,10.01905933888445,8.898619336693528,8.131237811943372,8.67580926520303,10.19663919748732,10.077726580161341,12.83612951481286,9.471738889122019,13.3646998115406,8.515864460498378,9.782653356437056,9.93204587717863,8.875644767190554,8.739245974761175,10.958187991846453,8.52920547745653
S040,6.766176432464775,10.77057017345886,7.706005873970977,14.579079422489519,12.684876515808899,10.88690167151062,8.640314765228009,10.22054507858506,9.248341351133764,9.882731439451973,8.809613035034836,9.776968103038906,7.5704089725726185,10.722699704640604,9.749225391677236,10.271907567507203,10.050254329029759,8.222733609829469,9.780932764020253,8.227745500469739,12.089995936855171,8.94686672845068,10.292369097998678,9.652447542824628,10.21415274235296,10.441283188651484,7.501603736835883,10.230859490600038,11.099410102212435,7.854542561245386,9.391392345239073,9.633726626800117,10.214744690297946,11.457871596618485,10.366997512295791,8.718577121533915,13.038861071292686,8.7296730076041,9.615976703348986,7.619731989677806,11.302813776973197,7.589572460695475,10.263947068459911,9.428354027790014,8.886629375345747,8.084567787049489,9.315527034990192,11.765487769781528,10.650383996433854,8.398593128389338,10.43352736167883,10.062454785502878,12.049841279668978,9.190924527814257,7.77901388478051,11.657611859589071,12.117237323211832,11.228039015562766,9.423350286102416,13.177866390488216,8.690528818961909,11.447891652079967,7.411007343611397,10.588634855540054,10.650480748518046,11.570829028887406,8.389368129157855,7.6599350134170106,9.226190256974364,12.308363799226488,8.149679650528448,9.146561585780642,10.149825115774863,9.735464135878598,10.244384342974836,10.002014897420041,12.49086071685269,8.647216490283292,10.509758271664811,9.370853612238033,10.876819218651038,9.610936946141448,9.043581764306577,10.700784426015897,7.755195923519952,15.132958376683527,10.031530130275907,7.161468053742123,10.156195972419841,9.792475686289313,12.285500682396588,12.31635375860912,10.645126889397279,11.189965972882202,9.04076815611954,10.867274031262195,11.117346820075422,10.620421460830102,8.40297836068701,8.369890619755113
S041,11.73788319560322,11.63541930902626,10.913908933127287,6.56997495288007,11.985099857526357,10.820294745128713,11.559736955486862,8.762066128380237,9.742253319796422,10.854902553196816,8.377347369782113,10.866442543659328,9.809650596627643,10.352279207909667,9.331302226381732,8.309217246132796,10.604542800161362,6.508130397030179,8.9539183238009,9.056955601404663,11.79584234079604,12.755360973150651,7.405199349833131,11.3593810722887,9.772545662157743,11.29319647156286,11.068102385986785,9.488208341662064,8.182893385975156,10.780148111780012,11.583393123234687,7.886620820649325,10.5122176357173,8.747351142111302,11.214954554572218,8.251085446549705,9.647324007741695,10.509701318953885,10.67083653078217,10.474287269018264,10.302900729361959,9.4531890025786,8.795157011674643,10.47007087938635,9.710802782831133,9.35871237862295,11.691422556953725,10.688763329353858,9.799816227615059,6.528813025972414,9.175706289442514,10.63084084489272,8.217155161163433,12.368715238804395,9.517608595244464,10.582843362760718,8.851027048586857,10.067482100148705,9.454846917696162,11.621164155225841,9.34060009013911,11.357342808259101,10.760290282553113,9.083243449069414,10.33675027265678,9.196402290595909,10.092727582737016,10.052749408051818,8.063506096926393,9.543371548743949,10.870876710377662,7.735176980627378,8.455979457637405,9.931172877057916,8.800155367552474,10.922517964589678,9.118168831457433,9.801121688946038,7.499038885902076,12.309771680665346,12.121620317054777,9.937439205099674,13.540941706669543,11.172664422464111,9.25060080921999,12.59863354100113,10.149299316882646,7.747302379053631,8.69149147892819,11.302518771650623,9.894279387600077,11.617391916891737,9.15991974059396,8.231577697959109,10.142193657455012,13.896392533815732,14.11505163537501,9.817640048363414,9.59350936305456,9.185885099551115
S042,10.018685046099062,10.18276855683222,10.541935287762623,9.598685543141633,8.579590139495586,12.217543868127064,11.995407597481524,11.723357446271985,11.41597377905073,9.404336128839335,10.59505983827048,9.567551949522212,12.085204482497915,9.549314303001683,8.338423152905197,10.794287782479321,8.90699544480018,11.279883410808134,12.023129527599114,9.140645494851528,9.279120583365321,10.373684943463253,11.8119001058682,7.874596586019702,10.705835992509478,12.223874140780442,10.195660874291242,11.911504021035473,10.2855515096708,9.782579221677485,13.185461672229486,9.32716917450784,10.209522838411466,9.857864246380975,9.978731493656278,10.176975200971468,9.82562615652391,7.528986726706538,6.819712575240171,9.331597515063734,8.784182355269051,12.528290781816816,8.904984948099534,9.963177313506517,9.225165112973638,13.003344680974552,9.799153742153697,11.653981463465133,9.640860808760896,8.650625060962447,12.776398880170927,11.976678936916542,9.563702067689782,9.791682580466368,8.756014362468473,9.658897267319677,10.76522794226964,13.178995898265457,9.402654085401721,10.26669096684286,12.860084114124792,9.8677971649562,8.55927933170142,8.915328643332106,8.580872814432848,9.993226030495636,12.27172667569907,8.095590454057492,10.327498123830367,12.711807259707882,12.633414791416547,11.611646492831989,11.850171056652503,8.379539921306286,10.585564542012568,10.038038596628354,10.080212017993185,9.06832860743966,10.68879871429726,9.258572662568277,9.287159623151956,8.867312668954167,9.129744616443961,11.321614090913732,14.467521290548218,10.930379745686794,9.097536347644457,9.799416544834093,11.523407049885058,11.248135915744783,11.188140294614422,6.403520561457168,10.931079140989281,7.585266515405047,10.316815491901218,10.313443126306533,9.340644017291293,10.497467863328016,10.090212593916291,9.288413764794457
S043,6.386733142481885,8.882118128930353,10.36959766716654,7.744087086435534,11.517625494193528,11.005791892345046,11.656903754791514,8.444676306546729,11.592903670812651,9.723496708208387,11.70766705294784,11.073457443943738,8.645149711785534,10.053749974188918,9.838461541517326,13.015105795229898,9.34881664133994,11.47175189868853,11.653998918891187,7.824493908556612,10.576042734731981,14.176414741163248,12.725020489684121,11.746856536758907,12.418940527895657,10.290046967091689,8.842658784374665,8.575419876480508,12.911557479052597,9.466506240206837,9.089414509663452,8.533951117037784,8.805925884678695,10.423898973332777,5.437865055501598,9.516137392942504,7.49443321239414,10.110305163389466,11.214599256179351,11.596027461318561,10.513853323431936,9.342299587165076,8.593853186543782,13.688150988411769,10.430104529765597,8.453785166012324,9.290278764255154,11.678219309836761,10.686452798728293,10.1266448081062,10.572853543216315,11.611938073128186,10.131761047208647,9.433912929242549,9.790911974686026,8.275066401364818,9.135942144918769,12.027338099565018,10.535766287008345,9.151695146553958,11.041273678340469,11.886092945002419,6.419634443403601,10.735884297637813,7.8346147171791065,10.675765188583396,5.863307936380309,9.693034918952112,12.215497043443264,7.64661151559658,11.470680346290303,9.851772692539567,12.825462983992898,9.098018136871518,11.285103888147255,10.367769773798505,9.366578370277997,9.795142634858536,9.353284009162417,10.119725226195113,10.190256057802738,9.638376265319524,8.708334682453973,10.518190172843457,12.764226293132861,11.996469595649828,8.79394245492837,12.255095979927404,7.486301745739734,8.970411683821878,10.879961425638019,10.570947998377479,9.929326464781827,9.053520709789474,6.830577551526896,8.603151400840199,9.992216056592595,6.841973652004503,9.347236272939583,11.608340709571868
S044,10.650710775496384,10.391814242965452,11.651601099467964,9.859582423030213,9.905093069678731,8.454499566220674,12.188530373786751,11.986855871742023,10.857655918459788,8.9290053469481,10.199743179478228,9.476238853931575,8.439122416190928,8.516358359970473,10.864817497303111,8.989186891017699,10.130226502566792,9.27912167432244,9.435804642040896,7.699389385438781,10.809903261774558,10.11569843053519,9.6103164281566,9.517552467889894,10.631751698680752,10.725244348801864,12.732465698335094,10.552027878127403,9.683162952026404,9.224902019546304,8.54363341112328,10.617497663786688,9.375938558877197,11.848569405798123,9.021683026074179,11.042485571142114,10.65817672423686,10.6228469726503,8.575550842134437,11.4214227628938,10.62748112867189,9.10331770710933,8.208467910885497,9.130948282357785,9.862057862038673,9.464159475600827,10.746735425175434,11.167215688115723,8.225063041562002,8.768164321350389,11.172399696608895,9.47625694551469,10.641114283490829,11.32354268177456,11.3660978278152,7.976647782671451,12.33286469410779,10.076427668581978,9.597265203395692,8.311855904735761,13.009916003416363,7.132274934458155,12.13437704356473,10.208860514052503,10.157787855076416,9.977114835088466,11.563346697747413,8.576681405740825,10.452152128380268,10.724663947182385,9.885493437096882,9.35250966824901,8.956263164388536,8.139855070684854,11.26440279038087,9.283846082600169,10.566178670866558,10.495075099521486,9.023002588517947,9.95587749322355,11.900684806035528,8.480350835539715,12.372869314628591,11.746946482222189,11.459928597520086,11.005823836737815,8.837800429252923,7.901029180187945,7.8720311096565325,9.892483796105386,10.08084758935914,8.405933643630751,11.540895780083773,10.023265534136488,8.472722486141954,10.417669586529607,11.398618041417338,12.663079777701975,9.23505258737261,9.824579750234879
S045,6.793571161271858,10.85438885549814,9.79814728825171,9.53424835709585,9.5955346632598,6.366929649673943,11.493212625847516,10.412425776787705,6.086848432861549,10.842721974350622,8.990144586858891,9.985450035121417,9.247654954144936,12.26643140562035,8.986838479793612,11.116821938576509,8.75762311542293,11.322361610029063,10.023890860068411,8.507884236205985,8.627015695042974,13.324151801999996,11.381310109734093,10.723303157871444,10.733729660081208,8.54938621024054,10.10646693360319,10.194426177886017,8.15654684026062,11.568891620187546,10.444618205801518,10.318385681673579,8.266415206594063,9.860582942988012,7.506377063994304,9.236310970587162,12.711572800976157,10.10537116695909,10.196337178980105,9.402214956667247,8.656306278977759,12.81857265038296,9.792031410876973,11.366992556316257,9.246568574965478,10.179562278496157,9.86980663063486,9.268639099584393,11.359585601853206,9.99216080624893,14.140809311237293,7.632337583224949,9.544565512501377,7.518062890543937,9.922234599787082,10.856176453321659,13.11522140712253,11.5836187679859,9.218708673967235,10.201129204016006,11.977987166027269,10.422173428104772,10.301337074254498,8.332613996755766,7.684258578076204,9.569507816064501,12.305465437006077,10.180586405847777,9.195714172769536,10.374696793905256,7.5193370208428085,9.540806507506279,8.067467375620152,11.38164457719595,12.255794903018268,10.19934539872818,11.970487676487288,10.217428061976987,13.15056793020689,9.031393889834856,11.157199932768847,12.048511567746448,11.076868027092377,10.239997138576346,12.642738482145113,8.869366291786987,8.88836881746969,10.406861015623978,8.508580698523152,10.321086095902531,13.296360796447216,8.828643941695422,11.513245295360052,10.2226336407532,10.429860293374022,8.884542152838533,10.374892997888276,8.346042120899982,8.94611396321643,10.042261801228921
S046,10.895421563502346,11.670933241827843,9.887528687383133,11.835300722447458,11.06986509030531,9.974820566761194,9.198975054011038,9.19814343963221,8.843520255572638,8.593323553790922,11.096794355916755,9.102609466107264,11.11565731904028,9.13572439097202,9.396342447124441,10.126996408816105,9.687264417256602,9.06288547584038,8.784354289205607,7.250513076904792,9.73471271381239,12.721631118937916,10.017831360134922,11.987749501678913,8.716539365906433,7.964255931410341,10.090103535675054,8.955459634211277,9.861739910571266,12.268720434606385,9.942949633721206,9.493536644982827,9.31602188961488,10.141501958228215,6.364177129071231,8.41031474871114,14.054732504276345,10.225033337078058,11.292818204391864,8.79719416215467,10.176044767310641,5.928836782572681,11.572316149225482,8.832501333718103,10.242063542843656,9.603683391923509,8.628659695766776,14.259377398458922,9.427463308502583,10.427628381960934,9.238094797267998,8.657706059617665,8.715625369569409,10.555558637003086,8.83857744590249,8.834607077712128,8.684649799222232,11.184115014626192,12.630941818482825,10.624755931667949,9.100756874146358,9.208619209144336,10.508247175226444,8.113493162258703,8.726661307068323,7.348897844047616,7.643707986050634,14.954826099265809,12.692973335585588,11.165356076821054,9.715218215951824,9.726032979599886,12.791254339658764,8.751718631558017,9.906925754471338,10.304582027458844,12.010959731726915,11.402383880328536,8.478270515000515,10.889668668093535,8.7103759925406,11.799930126882563,11.326421653742274,8.231061111157523,9.218036404670983,7.715998239205028,11.379110168586339,9.08132225352552,9.07191195935895,7.726707614607076,12.627764770854801,9.758044495803523,10.979219563215755,7.823006949480778,10.787532553046026,10.90733365567398,10.912208359901662,8.752320525034005,10.699279901521011,9.26142012027233
S047,9.979778465382056,9.597301088358204,10.926692783991076,10.54128203153779,10.687240626340856,10.791459846930506,8.213818759577553,9.177623437027671,11.65901704114636,11.011702887823892,11.098098457539884,10.202410970571895,11.786304378550296,10.660993885185112,10.268724804430898,12.328204348277213,11.097145001070457,10.761900267972239,9.468565432695637,10.636495609220557,8.61629170578262,12.523315505933612,11.435171835545058,11.810833119198522,11.548678599532433,9.767161617119674,9.128182788946457,9.438335057527043,14.28302795101645,9.432477344201638,9.323595580314542,6.038796930696318,11.695939486254995,10.22722149213916,10.73790071561365,6.639670146217529,12.88180618587535,9.443173823476698,9.993758916414679,9.80554600846522,12.335757768523017,14.232312609672908,13.076858805135652,11.66795517585278,9.907422637359746,9.615703072623303,8.905154639583744,11.158195618845198,9.926220665068954,10.023091400345027,10.976504976002214,8.256632224869733,7.370658777805052,11.222258677674647,9.116246663996659,11.984492614394773,9.848119327080234,11.550341909868944,9.469540063910227,10.48650211397187,10.625556167841316,13.035052545337665,10.980817639307265,13.139199891256325,11.305904199662553,10.265223301433615,10.408063885211034,12.785890236975531,8.54360709906938,9.822105726537236,10.652909405102527,10.552361529166937,11.499858767148234,8.082701557522592,12.407646733293674,9.003311210128965,10.801833700989572,9.465746887541814,9.60940594070535,10.60005112538231,11.54928807662943,6.634139369747176,9.419757557924253,9.972928850080093,8.316293903911621,8.376971406341443,10.917235362154493,9.253795926403342,9.03696222884061,12.092513863950682,9.439232552789429,12.019426767712343,10.708721620944969,9.561005393282798,9.51497499171795,11.533350031631569,9.963342884049926,9.23870852846329,11.46015534979616,8.250929815094603
S048,13.10245369835554,12.260785594970644,10.454444573226075,7.849614211243554,9.738832666317599,9.707077342486352,9.926912025345445,10.87136142506781,11.797521198444272,9.348674835085825,10.66579540868516,10.13875538852321,11.50174676202591,8.49554513450692,10.495044848574809,8.79262241395417,9.448633582833791,8.961719202993562,11.140762492843743,9.263478576177748,10.86712169955156,9.044005096378866,12.51836903195606,10.44999792146893,8.491995000078887,8.499605674519868,8.742806707972228,12.014752811473603,12.51462747567747,7.592764769737881,10.992388045321906,9.831421571692179,11.024429407723169,8.083414804689683,9.082185830061645,10.534141532335843,12.113529946961847,7.41758177904643,8.601677244054736,11.308131751454876,10.60091474527487,10.517788783912112,6.761965547487507,10.444606959445446,8.025189318209495,9.035078221819651,9.631629513672701,12.72752397808007,11.13942189761672,9.760229474678018,9.889846455404975,11.873171194539795,8.643794763144639,9.839906869931928,9.018187803912053,11.081551809206246,8.817113226678014,9.57008635871794,10.554793976964968,9.371174035607824,9.34484817361503,8.549636142213838,10.003537186813872,7.899919344369922,11.593168909444875,8.024645817791635,10.322209195730641,11.85893228185857,11.417348502119344,7.163792907004517,10.663094733906698,9.55945429958014,12.527520799233034,8.329549507386162,10.856500865708675,10.406912780029433,11.63172539209388,10.404663716595106,9.217510556568644,8.878647097533607,8.73025845367773,10.76234081864746,8.67464192670904,10.403807424975497,8.957938317594445,10.730952373002076,9.461898117593055,10.510179111063897,10.49838935086354,10.317584356836958,10.452026616685718,10.977314476005962,10.875946631234212,12.082764581907746,9.66422870985055,8.70155397924809,7.864765085442871,9.450763774059675,11.497313717774444,10.965863409676883
S049,10.912116738627194,11.279339353424255,10.942880685771389,11.989884738621264,8.211497682739914,11.316289545952143,10.740237648079408,11.903051132625569,8.39675296071214,10.56959942346838,10.28192011336894,11.066154559813,11.196864238944995,10.665861239818943,12.217594829850706,9.667232528732612,13.753914608721054,9.052883249516652,8.312084782254543,7.311304205443099,10.332409586373043,12.82001748034511,10.22334532340092,8.270596877914608,9.84847026900603,10.8527071353991,9.01508687905704,12.509102400972134,10.386898653905053,9.990664951891986,11.303193593924002,10.528638462603983,10.701295715681686,9.945706595775611,9.763815548285399,9.07100291295604,13.534237695953827,10.112965759562192,10.901958702893875,9.483621361273416,9.073541883463147,10.344361942309796,9.895755036107033,9.405659966010903,9.806261125421527,10.026861819121798,8.183938424895928,10.85470680981161,6.9928354666959365,11.50015358231579,10.06247030542641,11.143022060500515,9.787216724082567,10.398037536086415,10.001116407180557,10.297758136380573,9.704542616877081,12.276417621699837,9.381484598951955,7.543591169463955,11.119530802445425,7.328046109596709,10.578709205710384,10.017306641720857,8.293043781478653,10.16020516207735,9.739609774637652,11.94272715938115,7.212879441186148,11.497724019677467,9.61684993319113,11.519289473885186,9.15112266264428,9.417717715062986,11.166011406444133,8.278218689430163,9.298905039161287,9.492738643219257,9.970367119807477,12.630198181373164,9.976695657704008,10.427857591501724,12.507169258364048,8.127821842787746,10.12182877572589,11.15576090731086,12.041275401293461,10.286934110511574,11.306199594305848,12.958861464065414,9.692291145757721,10.810267449860756,10.008889529375136,9.34567196394573,9.750200990513362,9.264986274104087,8.981760647951457,7.022155880331088,11.357955545043788,7.100652024447704
S050,11.335811806214242,8.566549638249057,10.885306710785333,10.793755590257156,8.969985825981976,9.133399727794394,8.808702949200429,11.923194103076801,11.212975015087178,7.297125255248648,8.794974532743659,7.084994589983513,10.249059982644196,12.777155254647738,11.403047063697743,11.696311760762736,10.9595107214112,6.613353240196748,8.693170827793963,11.523997274062225,9.686704353633385,10.86486849031501,11.458094383767405,10.78682854091076,8.26727309299586,12.393619328169715,10.068988589578852,9.371458381286057,12.143434282803769,9.962289193351404,7.969471423883883,10.235220456911895,11.737717845075833,8.398376428836771,11.073304493591047,10.003193902271844,11.711983619297335,8.243119446348782,10.281757040655124,10.255815049622491,8.696099306776707,10.061357855562619,9.92277099811191,12.310505742950815,7.088242345973576,11.308464264179372,10.382517850642898,11.64268048350414,10.77534385737412,8.191023763530616,9.707840135026398,9.29306295974749,11.758318603644065,12.310318705696416,12.531552330893929,10.96006709013851,10.479718036554157,9.910384347779585,12.706892600216943,10.595257860253092,11.729546486632348,8.498861935077512,9.727858583901629,7.79850283464825,10.592084774426336,9.644592161024052,12.905344550209758,9.987719397354002,7.527573307251675,9.600160460688864,8.874218467919693,10.232643643306831,10.220966243657053,11.648045891289286,12.124285039392827,10.464640954580315,10.221070797114539,11.508195799947314,7.331446854722785,9.635313303514286,12.770926089590954,8.551029704530448,10.907458758610572,11.216910887162408,6.942829723484728,11.171530282182129,7.70220024592891,11.456971875485618,8.674809829661873,10.997133340378383,11.47043048198313,9.605089367125457,8.950292325022389,10.954478539530335,8.869390871389411,11.850901658447963,10.222477468215807,13.563204016317837,12.328966174096191,8.928551054360376
S051,7.741699381150058,9.709112114672834,8.642358783812288,6.862929759816117,9.358566248985218,11.148465000179208,10.765309509001138,11.066445053830613,9.588720759529815,10.226897465652364,11.238149163050828,11.330547084956917,8.80733522497377,9.61348342904705,10.555320156105955,11.894146513450455,8.515573410183462,9.726565618873089,10.673965798501454,8.191790616966205,11.770750944165963,12.8451053562347,7.992712963855681,9.639158906416275,9.30242659262064,12.6959189828078,8.873572717342814,9.875056234348293,9.020150477406276,9.555297441693916,8.039032432609327,8.489107176392505,9.596917910499824,8.669609899648977,9.727224783440075,9.490085194233357,11.387960230036827,10.336100466875418,10.333646706416772,11.12820553595569,11.22114728129371,8.90891211075927,7.752691066217215,9.116475692647704,7.627209556693192,11.183878466161387,9.48031857475604,10.152921146126463,5.87518804834686,7.66246785469124,12.434336960734742,8.010873437048836,8.160893189279099,10.343625842418826,7.239953176008638,7.790559803203164,8.512113667361856,9.945311173556163,10.594364022573954,9.805309908117398,7.942661169067507,10.040768515616232,9.861291325451063,10.737742856598606,10.621881777618439,11.06859043848109,10.563840725054362,7.003782253991252,9.619732191039576,9.2478990517608,12.707872408821,13.011531419005394,11.998360876087524,11.24852788681363,13.305066508798786,11.680229897017982,9.417292483881504,10.62545272545101,10.636764038352675,10.117663976190727,8.517808665423038,11.506823690142854,9.144337323763056,9.278913333413225,10.07018615478283,12.320434186599826,9.565918410958048,9.541649982247478,11.224998576149295,10.456805194498042,12.73919884113025,9.27823550822352,11.123551953469905,10.593170468580782,9.155341828543872,5.938071785579844,9.270287727648306,10.218113750516277,10.437297790390907,11.92995866324085
S052,10.865277095837627,9.796121964784657,6.550588911547193,9.254871035549792,8.774193364026676,11.752210271511336,10.074464003341259,9.867071119052927,8.5699864025794,8.61670357929217,11.474688656872555,10.063124224097264,9.537974572755205,9.199791210956953,8.477615966485919,9.448446706769994,10.879755570633783,9.756255077355899,9.023076038701834,10.158668504810594,10.466446943625996,10.892573671278639,11.061804856032573,9.509076269114745,10.299685824860422,10.925524000512368,10.770784061929099,12.410381030054978,6.087894398565979,10.522642014483175,9.386161763651259,7.888430737120121,12.201110143213231,7.320964035092067,11.25198399861566,10.604265268556803,13.142791754211224,8.582647003058298,13.53724474246323,10.238747476911044,10.726928107783339,8.277585737043793,8.5446710273498,8.073633758726055,11.660592711123371,9.91984958963612,9.812309640151408,10.283497941493964,10.826412739624713,11.304741381755246,11.367478569076994,8.83750905025955,13.129801116128599,10.226035047220472,9.425905954367908,10.486707976224194,9.62917392520181,12.70942600450206,10.116278304029388,10.17864489451166,9.408844806578536,8.695534434068609,7.818991192318561,9.577640603751197,11.212086002297323,7.699321682187693,10.740838187881295,8.62257483559928,11.350290664139553,9.480458642461091,10.40687565804061,6.955976442469856,11.471640277396082,9.197979043961979,13.972438083286356,12.949503933579845,9.99380039590478,7.812641203628877,8.836376071600426,10.143158980333201,10.63168423682556,8.854229421022966,11.372883136099276,14.346614866412324,10.65236049170883,10.414081566063189,9.56518040896052,9.951760282947514,7.642915303286521,8.530978878839559,10.984371896440333,8.806947303705453,10.908642387486536,9.596109212205445,7.191339884170193,9.661807532983856,11.653588358060647,9.82647305134433,9.300437195655082,10.379791384660358
S053,10.802619248717567,5.688775233555111,10.725045546065994,11.911037841612979,12.283401849517332,10.619236456789226,8.83675929165796,11.165939702371967,11.363119547453412,11.33006129129971,11.107008697992047,9.478901191213877,9.97947968792661,10.422488614577155,8.433141176329421,11.116402734868139,10.334421027649487,10.91533607497467,9.787476364394816,6.86113005094205,10.387145403521227,11.5843160544911,9.446075339186262,10.502402544519475,11.039459146566017,10.372872822362805,9.731195820195008,10.611362086176598,8.71227472092071,10.591094456223797,11.564374460609226,10.742128509221072,12.034609271695828,9.544637187800493,9.865665547652164,8.714892579743083,9.712440973810903,11.604730284013424,10.887930841578266,8.166162898523504,8.365015708325835,9.888255022732363,9.61264223953967,9.709931709244135,10.514032890564957,11.303831598523232,10.31879207836808,10.487540654299432,11.237183707549468,11.151449426298463,9.106508538391052,10.453805701464129,10.967491416653548,10.456213824853469,10.060943892091359,11.802830554063044,11.854594330179737,11.735927121911974,9.410870961326424,13.481090739339301,9.37845029054594,12.81394627791597,8.284332637894664,11.418161893243909,12.388916871577004,9.384822679981307,10.275473256759087,9.715617907836663,8.35387729249274,9.72058809604956,10.078783919632206,9.798399164253842,11.82540328112603,10.925016917455558,11.940247889119203,8.517727555298661,9.613791886488386,9.198808956213098,10.721695909848654,11.74218865548902,7.1950268012965175,11.610413089686643,10.251286712680352,9.112659726736956,9.568568692571615,10.032615151741926,9.677751200526114,10.942197546106959,10.750131352618988,9.175425560609046,9.960639486527372,12.180960946639978,8.824267858457977,10.918591614722335,10.422533783485987,9.392701952262215,10.65423139140215,8.259964530182623,10.54216905825685,10.196678622999281
S054,10.88690644751859,10.354882341758325,10.547863822957716,7.498281185381473,8.956483193397911,6.801719474384078,14.13897807828356,8.802228991221696,10.778075241075712,10.239720448365606,9.699989365367472,8.50544728321336,8.350608244258469,10.503171917833956,11.31260511900524,10.34300598541336,10.887606490095964,11.565167471359887,13.483146921329745,11.595910050077508,12.444209598750291,8.184538548566508,11.783965083875067,11.054649739594561,11.694312667057515,11.341404740042941,10.523102875864824,11.568402878546491,5.94126449630113,9.426486112423476,9.720830838035296,10.125314892233337,8.670294212057943,10.954723206526573,10.72742398562163,10.746851561226935,7.909566135635358,8.654918746827464,9.775495683931675,8.77718664545211,8.249957550393042,12.207408072895575,11.243617591282032,9.228870468286088,11.075016831781486,9.470972375454824,8.675458069689174,11.922151429619605,9.944905157329936,9.810103376464347,9.775578629673067,11.258152376169312,10.714631530850365,10.859711383237128,8.474637666846261,8.3881623054228,8.507777690279461,12.491132593020433,9.100603596528428,10.386436238103721,7.606915255648445,9.091046253137238,10.86267875676953,10.93801940448894,10.830908069762899,8.334818041940897,11.287589806708942,11.359959640592022,10.374670480516434,11.843928994488424,10.373211648294165,9.80900086710123,10.178810796835204,11.277739434961669,10.653834385676351,10.477749092882844,9.854475936792134,10.03516100066181,10.262059408079109,8.475965701476381,8.022359082016875,10.659204320552535,9.274564308351641,9.500444010308861,12.454040143418588,9.024664502719979,8.619676388654725,10.752691737054384,9.488954788366115,8.967109525959462,8.453992402787645,9.578558527148695,8.903493680214135,7.181640732499001,9.684817578671181,9.227226170987416,9.94092367581049,11.245385454245032,8.579575996969213,8.638532935199242
S055,9.653267909272657,6.994027733912153,11.000426675060593,7.98206149201026,7.459031078035425,12.050692236218994,12.46503831793499,8.311990295935644,7.712313645504123,11.317317910666734,11.376519443888544,11.29691961305164,11.043480174317585,8.129821551912428,10.380476362431747,11.184873997863598,10.55350910700275,9.604250755875974,11.152403399286358,9.545841649150388,10.44802131900601,11.256586591298433,9.583717317918717,11.199908207164123,9.419355754560517,10.022951144898647,12.22718525210205,9.85265765533997,8.686203920716174,12.079215988878444,9.430558441862768,8.614393484605753,9.891173052749739,10.817347082433557,13.469511499497836,7.378822271262253,11.257350600173138,11.63354701666052,8.559356261445618,12.611666462853538,10.942558519640524,9.84053740129864,10.819116605558705,9.92058845099213,11.747462062746173,7.8684702215612585,10.450993993803262,10.360968085944467,9.511818434160585,9.278070751834125,6.3507872879208485,10.12391516020441,9.062761306434785,8.214437865189606,13.81971707416927,9.299743341633677,10.406433292886705,11.302790249465843,10.370697223478373,9.366525170763914,10.595054095683565,9.188737801537489,11.467758586849552,9.236499276015381,11.89428086672223,9.626643618148377,7.679841083868518,12.50828477540107,11.259217414518414,9.936551836763423,9.747524101229468,10.008139519145992,9.296880103162078,10.021099444432311,10.10170950319677,7.323889408161632,11.467253937781685,10.684102008050665,10.155215457607195,7.692777207525932,8.796607323124896,10.372823621536169,9.639382991352424,9.325506625631938,9.862145167942664,11.987333738640247,10.520626802298636,8.156967248343983,10.402052424743664,11.037937536593912,10.56942743121644,9.638798545189408,10.616609595609054,11.801784930655675,12.688332551116162,9.365535538226409,12.063748909426515,8.932281389236575,9.102466610500773,10.126161102410883
S056,13.035206418712432,9.398178672810616,9.464323258149449,10.127200142770093,10.967730447705426,11.900047160455902,11.346901660983335,8.747753935105484,8.512205352066106,9.921871977235488,10.997923709085892,8.127961743273762,11.85265796066546,10.234736032716725,10.485998949752409,9.890757623053705,8.452843560196706,9.553044030710184,11.804712114964753,11.512279278541179,9.208554844869866,11.285319550891648,8.790241757196277,9.944972157869328,8.582712991898582,9.537924298095076,8.494061184866993,9.953132832298303,10.92840295522889,10.486659610697288,9.312716232814031,8.689177404520574,9.492590765722971,8.254000717974076,8.332764936854527,10.578606462994472,12.172326513784315,13.73487809457577,12.43620190413004,11.203634422880821,9.409694302495906,8.243419766709629,10.208037186408728,10.075920820767962,7.621459784283752,10.603738212395331,10.129547708384365,11.331135678456947,8.5401431068366,11.436066291529254,8.610606612662359,9.04649658108587,9.540408194030517,8.235586191794315,9.46719120953868,11.149246870461937,7.422090737693477,11.465220559050282,10.955458806380582,10.945491578924784,12.429036121981756,9.72064048384816,9.338521755293204,11.598840390286973,12.266586478830966,6.506531879141856,9.665838474068812,9.353415923650164,10.655786560058305,10.5373842291945,9.250635806826336,10.460533359374816,12.180077095508583,7.660956533428222,7.506943252872805,8.829288213228935,10.374342270570477,11.21190058356113,8.792760494345586,9.470860629222814,9.917671085163638,9.038137685349696,9.99804558837985,11.594316556837942,10.044619213590606,9.323736486851327,10.051699439256842,7.006820824916777,10.517821809017109,9.59992887935746,12.312563101378847,9.178809526184104,14.212469957376195,10.773992392825313,10.339978889559367,8.107445759623916,10.374458502202238,14.032068047744598,11.906659355018668,9.715493085870893
S057,9.489779222832448,8.299722184553397,11.786646371380662,9.32021583922746,10.259611106507446,8.901215999601634,6.225508049353614,9.070870840632914,10.265839006408997,9.25256687103925,11.741966772455244,10.817273027887527,8.315753158386896,9.025503141827246,9.255893581418096,9.282852698492567,11.4735721571425,11.62292105216979,10.686945831731316,10.622701262639186,8.420976450055557,10.959708032262263,10.828222723180854,11.465014975278994,12.118961772100262,11.547085546864999,12.796812967699141,9.756973660192411,9.11106286632386,12.027687315266926,10.396403384881586,8.333359680913302,7.844857490746002,10.957935621031284,11.633722131831991,11.163009700718767,11.034483216438986,11.431074493896219,11.843395981234504,7.6937761211792175,7.761077143627366,10.562406093707391,11.67575771103667,11.480147314045468,9.704913963619594,9.179019242847675,10.597226854959139,10.747665968812173,9.913992164620185,7.8637173522322925,11.278783937927066,10.214517584078102,8.276744164574849,10.832040875138539,10.580630039409831,9.444358489969495,10.308257935488427,10.331017531726319,9.855044157929422,6.329607391988169,10.992299595008951,10.440210715986957,9.70510573052683,10.39634342146406,11.730862885709254,8.2805981239182,11.46651454215256,10.277224996716162,10.389158839047612,12.290355576709745,10.582834258278519,10.477924954655478,9.789025677567443,9.85536653927819,8.08166697020971,10.637911497800228,8.27981602269624,10.250704489611447,11.681807665890123,9.178825745849597,9.097482565454563,9.599870805200462,10.45947600719879,12.188968576975858,7.886334438710033,9.940766155101764,9.821096211752096,7.304063254072393,10.890097882818111,11.700463105130815,11.70234607049326,11.24704563205681,7.403420587518477,11.108628863828216,10.855427847308459,12.72797670497766,9.873886009806244,11.432707723399972,9.63615870982487,7.988222692069111
S058,8.852780910391303,7.964846076858352,12.413797943580718,8.990949936251464,10.266689924170183,10.21043244886623,12.268365626229542,8.501835237882892,8.582310862947846,9.686209644025233,13.080619071598628,9.251652923061338,8.209355102343943,9.2308695910153,8.893722503389695,11.32719648109061,8.19982544152841,6.9629294745713075,8.989426487648457,9.204391118708136,12.383228324265385,10.64487335853869,9.206658902491702,11.736731056606777,13.830989575687436,11.398316749463554,12.535446959843728,10.436233817833113,10.650619752474345,9.55777477398264,9.071586013031215,7.802560922062351,9.513458802958956,10.872454200051598,11.870777149051836,10.738197935333467,12.462230961948947,7.77757172873536,10.71658246183875,9.244557334181891,9.551516297319631,12.351634741544974,8.791203130908821,11.039331218822245,6.606677396998457,8.902720836887951,11.597966267963463,12.395529492385663,9.120181321517865,11.59107214781108,9.356125963308864,11.118574973729498,10.48914742587592,7.92577346500365,11.612370685086898,8.936778785231851,10.062606371055008,13.42198694992013,12.20997873829518,9.357624842227068,11.598658944034431,12.95579826060674,8.913029616282131,9.225280367978392,9.772879872047715,8.987344347471364,10.572642750612353,8.656976079702833,9.55484658140928,10.111518888967849,7.801140397916631,12.008036135877548,12.07915583047657,8.916580147849107,7.915500723456754,9.589785476642652,6.951289383957816,10.524845568709518,8.637410763343352,9.704149428819173,10.2164419730711,11.214231821633716,10.254051956303128,11.438143306511224,10.081604419874127,8.35325257925619,9.957026069427318,9.438769838211968,8.89435744479999,11.40393585825027,9.427277995675482,6.027769611007059,10.896472874991435,9.813617003753352,9.212974811077856,9.900568426704188,8.80269278283861,9.4586734104136,11.822510321691857,9.684807935672563
S059,9.111575011945709,12.413152354213635,11.009616772299733,6.732166625251272,10.502434269474984,10.129658407261818,10.538618507531378,7.924990186322385,11.299249939068508,11.480233290673793,12.574580740498758,8.617571391631534,11.75583828333765,10.598664098299153,8.05548846857341,8.55727236076055,8.920688836130937,11.37483191988649,10.559069116192779,6.953337024010795,9.033547934102218,9.258882875868578,13.148367456791641,8.962319340954162,10.85674616184055,10.949566712859216,10.779964452926569,8.456565495491812,11.444484615132419,11.89720058087196,9.833250265747637,10.772781370501397,8.78755530883738,9.091458679938192,10.191951747190416,9.69562865995536,12.890231757491488,12.198698788607459,9.818580137840453,9.904326044947146,12.95801506359331,8.99648233285275,11.352483825255948,10.185853122518322,9.449634260213367,9.213557103087247,8.977863486867728,10.622668545362172,8.71849487634206,10.880559508677367,9.068625864480694,5.972780763896755,10.394045440972365,11.254126532164419,9.030234737127786,9.664246816548324,8.162615444953484,8.542109625336273,11.600090517297955,11.428651246046197,11.680264003616672,10.758798320924003,9.10664213180427,8.9125226208785,9.702278532270766,9.141390148201541,7.972003707339606,9.534078307603526,8.32103425928602,8.20471578868385,10.280867617730694,10.01733335228662,11.701711822031461,8.329966181756163,9.053408387947828,8.600722423214156,10.276521030681302,9.98068310138976,9.553904907996934,10.58589970273883,7.430606411180345,12.288825976118424,10.642223956222212,10.125967328414475,12.541559910015131,8.6616833724187,8.699330921015179,7.917278478880022,9.142564627472789,9.142413954149697,9.691265234726835,11.296430965570119,11.455274810446006,10.6483239808836,11.441328679843293,8.456961585930879,9.268595654594892,11.809978379254794,12.348385075234493,7.878292660186748
S060,8.651450964975199,7.097680547696054,10.182470648531437,10.453448690200608,9.50351095370934,8.72526762910044,7.338225554208834,9.092326839266093,9.997483653992067,9.218073981727256,8.631103495896259,8.316471390061267,10.267170772052728,11.663411973714238,10.303118349300167,13.090714488852935,11.153990257150902,10.811802723350766,9.7845384286438,11.038809238176425,11.042129585415303,13.442273774427283,9.061629896747199,8.678740402930933,10.896224426785711,9.008271697456657,11.035314322591319,10.40046218631506,11.039244339152638,9.652150443902274,8.788535917462005,11.029651018478898,11.612224408898754,11.818868909137464,11.266703354776578,6.985920429482815,11.154425457023553,9.961812766374877,11.806523597985489,13.025914487501876,9.25211806122905,9.975545680817298,9.810001702729933,8.761440893243108,12.361524316270454,9.276777428855759,11.27542788988111,11.015723438861691,7.965474359967853,7.697796259564282,9.721429740409345,8.524854929528086,11.91629358861349,10.836174113770037,8.566403443803166,6.048810683572706,10.767779775885181,9.865276730132983,10.359484643745281,11.227231625149143,9.443900757258145,7.90695991567855,11.07963541982041,7.825543700621552,9.597729208551707,10.82164479823437,9.289956000999965,10.652296725051505,7.95904341443968,10.762039909572342,9.184083635075861,10.402552594407153,9.377761111329924,10.893593120408758,11.871294439177627,9.54225497471138,10.016204552591311,9.757162701294561,8.317213125874257,7.364741104591873,10.518761150989054,12.142924723082668,11.290242849271971,10.373305870642426,11.528372247802054,12.324030347145149,10.681107594650634,10.837078520638446,9.828776006493435,9.387989076997327,13.798844816841207,10.654526954231153,9.519549359019614,9.189538521187268,11.770986389955166,11.620630190632017,8.621800770810673,10.154536711391867,10.640264331059665,10.36174325129208
S061,11.03284550575233,10.951999538556018,10.872906285358123,9.070547429531667,9.969063984724396,9.11386051719064,14.330013079776608,11.839994137258513,10.275179933766225,11.189533220366224,8.895549971680996,10.521143405891616,9.868720706327398,12.007666396261603,8.705314078060704,10.959627201811323,8.885653754814642,8.738463068505723,10.344035847966973,11.35904123814629,10.663068816920225,9.287702486678269,9.077908335629374,9.711326199679684,9.796677509046232,9.186052719733507,10.229977668125077,9.70015034320704,7.801981501375258,10.364551633297879,11.300400242825594,10.18544653312609,11.763578252088692,8.515225071929077,9.76830316123653,11.632203857307552,10.798005128096166,9.577993661752625,10.239594176087172,10.419318524633884,8.56470369917273,9.64299640144376,9.558048435210143,9.32078189159984,8.777221093418467,10.83592524470822,12.451766635304576,9.49029699254917,8.218971759527621,7.267365136747504,11.37474907488475,8.789579452863281,10.410253169276016,11.018754529586122,10.388021596008073,9.670542614048165,10.337058872532022,8.453059583169148,10.73831923565399,8.892497322324184,9.492710613591901,10.745751610697843,9.136050824264197,10.552604040878078,10.547888196871394,8.380795686658843,11.26988010518074,9.157895221680018,11.194118276011519,10.369825914791967,9.798079746858955,12.255057745931913,8.54150384805067,11.631421696020352,10.840461836325739,9.74554906162744,10.332051093618897,11.54354652474376,11.199663993906766,9.291247571895537,10.834754008510037,9.649211969861296,11.05692913295711,12.902915812109665,10.68906206165376,10.142632983951643,8.702318472790427,9.67108279185424,8.216695031199922,10.68837465956741,10.51941246438882,9.300471550135605,9.82981352607496,10.878401339921371,11.91005534679137,11.431408842334873,10.867354882277555,8.352908464755883,10.450534714400213,10.430950495076782
S062,12.373571461734748,12.294904307587846,10.835214879763342,9.135025662758428,10.627238096232052,9.970265356351238,10.512107543010824,11.95932826283087,11.425710596812205,12.315788087584286,7.925164174205666,8.249007344108172,11.236136127403618,7.630930392153157,12.832950756422141,10.8670504558151,9.553689596450969,10.811581380801066,11.188656538695607,10.33903861900056,11.15961288123949,8.427721148256223,8.694448271233478,12.37949211833341,10.023923025282985,9.712101386691486,12.462967222341963,11.527250209971958,7.961426804390097,11.723551210798083,13.10532259935117,8.289267937926617,9.262546177327378,11.982574040776292,9.954745898260237,9.680108008479104,8.071295731541628,10.958231494862797,10.007158529816673,11.396128124049715,12.765650730419438,10.010204032784236,7.016217043492953,9.010503380559767,8.978293878426195,7.727008102270346,9.221356763879985,11.040544844936306,13.849162400274444,10.20897065567533,9.220896252489803,10.203635030272702,8.55350489688055,11.485966037983722,8.26393968546786,7.3963884562492455,10.197767483591166,10.480422669668332,7.945412393738103,11.496933066465175,10.449053234314073,9.135581943921567,9.961811102323688,10.227101206873398,9.456582135925979,10.363863468460442,8.458900785453409,8.25998748871745,11.569060163144314,9.70147836522283,9.560005675550837,10.317268984897554,11.00214254103544,11.813473249578175,9.840872817064389,9.406521405753818,9.266136170553663,12.353941283591308,8.603096697645789,11.270902245856014,9.990844181753872,9.87537508748934,11.176136584790035,8.884099631652292,10.775550899242358,10.556063438026744,8.900822416885822,11.08839958648661,10.4868152000866,11.51620489706161,9.654155826841041,10.940455917759632,12.636816728711983,9.41711328604422,10.087397181596506,8.8602135536462,11.834946187427342,8.896620429861573,8.704344262229966,10.439245327279624
S063,9.786163755594186,11.897782992389702,9.14554377520927,10.22507135496043,6.765242099534579,9.278389319668586,11.68170384064232,11.47168262767702,11.216294175814706,7.577857578716296,10.183992415055096,10.451754936736304,10.013560387241261,8.997487068900478,9.917132414954601,11.317727020172256,9.585120430089097,9.77381814596891,11.252981889293029,11.159819604273567,9.418995814668873,13.098814845995626,10.119032038195257,12.169212869781445,9.465649265679628,11.722222121631056,10.149523924385772,9.62604207082974,5.10203017889672,12.486784168820122,11.319097668374551,11.168152320241843,10.485082555012648,10.860413930178279,7.15990371438978,13.143112579140503,11.171022843106254,11.176773845246062,10.312556994135473,9.657751095504652,12.099730791844753,8.066940097799664,9.17881169556597,9.046544134580058,9.904433080413453,8.933701491255125,10.256428877445288,12.125981174572878,7.965484318885209,8.882986611798525,9.053151748210421,10.36194997398529,7.741823197694773,11.40385081907716,7.738461338480443,9.439299083189848,10.291588417163565,9.731778293001197,10.864818900502012,12.293222137025333,14.256711396568608,12.533954960412999,11.168716751012113,11.127169508535943,10.226148123295674,10.781068020555919,11.185411532785054,12.950050387507108,10.131332024906067,11.99792444851606,10.294867126057596,11.89629995967277,12.124494806677301,10.324179750177597,7.2614750039768,10.448909154122363,12.722808243689473,9.35688796936832,11.655577769795125,8.958760080308185,9.008848693223698,6.962017053403068,8.61007952352073,10.377007802642296,9.478660850752815,7.682178154558655,8.80212257393706,8.88312356183249,11.492251137089548,11.416185434631316,10.024787649380816,11.467812297477469,11.960683050238622,8.358805732062848,10.60263286195286,10.277300369358127,10.092712194423148,10.203876425210197,11.054208102776606,14.598722855269573
S064,10.156936118166845,9.224936142686408,9.807941321841064,10.528575314270212,12.141722110190083,8.279917845138286,7.198454118270621,9.101941292453908,9.968390559778987,8.291656054380558,8.690649811856773,11.190131363693656,9.72387640001096,9.639466745589182,10.217773733838195,10.496747261856536,11.835351890245962,9.616067342559358,9.89324014986692,7.290556884639633,13.445194854062152,7.998519095308309,9.13288707562711,8.687321955666082,11.727013130606704,10.422990253056987,9.629476326803594,8.974014207124306,11.334623098575669,9.694500130804807,9.561854393035649,9.160259008074938,12.47101792730038,10.175239799557648,13.395188472625513,8.221295729727638,10.105596523657063,7.420904861193985,8.87080965986756,8.826632324316744,9.49037638418053,13.102726817044008,11.56741457603073,9.188622045852057,9.034764845929828,9.552252047102783,8.944325150087037,9.555354451955047,9.005583819594651,6.720498065982878,9.907201529199606,9.421340325548615,9.334456662566488,8.51925063275354,10.652877819009616,9.818465165255345,9.4738897819275,8.965205801497348,10.224147572608858,10.436538987961947,12.979905903246042,13.00344664273452,10.18637732677739,9.623345636181604,10.390970004344535,10.526187585660985,10.838989883511447,10.222078557220378,8.474497066757634,9.256592319085287,9.415812549055335,8.710932604846484,10.57356437762628,7.526528967875909,11.128593207039723,8.612822723047664,7.950243172551973,10.33648334916717,7.690557273290771,10.570325278717613,9.330827594828826,11.62496702869731,7.79657381446323,11.401090571886163,9.372540077604285,9.561423222898952,5.773090370229321,8.197167395123333,10.638001260814976,12.224448275541503,9.395974768484407,10.741161124845254,9.15166202706532,12.267870319824567,9.178189078883793,10.130827983494216,9.142815846889775,10.79549314954813,11.111193084120568,10.436814832991956
S065,10.69583269405851,9.698848164698335,10.917030681207656,8.825239427057946,14.012022186681344,10.648428442439565,8.708232828796781,12.3400347209365,7.9658016008964125,10.041798165994136,8.880030964460426,11.235437484752094,10.926831922330303,9.915989337230016,6.086223379392133,10.974151006560797,9.198880820534269,9.536773046641951,9.722630271247587,11.019516045621394,10.484823917342869,15.103737117290304,7.990323447243404,9.483625389067251,11.02076090918617,10.024541672603394,10.992198259152602,12.949591971722818,11.26363671357775,10.040300123069603,8.465307536621339,10.798803747926279,10.675447807721355,10.957781881521369,9.286611257415283,7.644413369197444,10.248723019226215,9.133945872284357,8.827031287081157,11.754453756516268,9.658314654286485,8.650602066803875,11.666908373315763,8.247568464290627,9.292880787074358,8.309147521454072,10.418562955175467,10.439128595237957,10.747787969282582,9.098347253917094,12.492660423853097,8.126549007113926,11.84971888293187,8.996363036838643,9.705657247601247,8.315248767132148,9.178481476721814,9.70602340412505,9.92442485500833,11.681111029671648,11.55679626193778,12.01527857868513,9.335926991758125,10.626594192507172,9.514921014142699,8.236014504989637,9.458974141501281,10.216331890539845,10.914535049970116,10.918095622378914,8.563585033452691,9.042863127392966,9.157722547654394,12.8835099346832,9.873416309666785,7.114380501351425,6.866255452345612,10.170349338855464,8.128721085232154,11.21456835887226,9.853353774017894,9.863592885828744,6.905714571090069,8.524050418728022,10.557082257226842,9.33562293774208,8.817811700060187,12.168340182582742,9.787087901424501,11.649466512300048,7.407484476048936,9.30422637200168,11.792231095032234,9.148468286321457,9.762791067646285,10.862302487392054,7.524876065382012,10.255119608670759,7.375388984381157,13.064111893771912
S066,9.817294608133267,9.623974177906465,9.612004632613159,10.030434789350656,9.015268802641716,11.484432220469362,11.335330091776886,10.380885913974824,11.160203021073013,10.665701814154824,9.39295735528264,8.250808155959131,10.646637436930709,9.35985677154875,8.611217591185023,13.220499948575407,10.476671710830729,10.794997655892123,7.431099342112793,11.788777449101529,9.303302184092763,11.93200650896843,10.91003558911175,10.229070188405407,10.244556511035277,10.30007861131854,9.186310472028453,9.263713699007042,12.11442738703829,7.304975477803568,8.013832498172226,9.280885665111038,6.5287342954256555,10.39380579439313,10.234438610853129,9.124216584053876,10.333954441076271,12.179527672991718,11.79315258320106,8.920098073539814,9.386300891445863,9.117607920921435,7.243246743426724,11.643983191366306,10.18554187319785,11.249920198162222,7.980932095238644,9.633284865229346,11.825620514173927,12.200366262133127,10.239760823317836,10.809232152626363,8.262061743439311,9.94625836908685,10.162839080213839,11.038715875018369,9.333897637197584,8.492030665773745,11.692230167354417,10.14237900509227,9.655877957116285,10.444755349837608,8.110764312923694,8.8075795377434,10.086954181527402,9.407115243721579,10.52259677227127,11.088516857829479,10.014351401756782,8.836638728268989,13.380943207356447,11.55176370859613,8.834388650302905,10.542039259245016,9.818501102418415,7.549238034758098,10.361954659647123,9.213387950099476,10.184668106877568,10.880503906008915,8.841017995221993,9.11248841200585,11.724724633387952,8.1190206124089,11.711051707723266,9.113840986110553,9.83728070845707,10.426613380610215,11.048364321693002,10.127098103354811,10.624752500168302,10.484438187422587,11.513754770874852,7.439714658337412,9.319720304601269,9.63330817172205,10.31220459410818,10.422256228399485,9.91225219413595,11.53877442641506
S067,8.500539233653882,9.242492487079303,10.093366398000581,8.83698941833097,9.978550290207211,9.021945764205475,10.70053222454319,9.101364545255265,8.70671255502013,11.513834620809595,8.353263911498624,9.510581891858001,9.10875313354719,12.195504503305166,10.185978280825145,10.042349941383447,9.342582274272278,7.663247168935147,12.444525333072818,11.490466137947132,9.141359909222906,12.355729093158363,11.357455801933938,9.602190384701757,11.87373437549896,8.191619418269735,9.136706684980037,8.701521450336328,9.35913388564212,7.662442241188491,11.55594619640183,6.678206407093153,7.3395619866930275,8.575196650905193,9.003841595282537,11.327835845615656,12.464814697584279,10.38510697781595,11.52210953431141,8.846874564908715,12.431281983423467,11.175397476338603,8.533482005798447,11.302227275109356,9.33927372599619,10.553458868345599,8.214971359049983,11.041326075572028,7.921598530793577,11.093114041838922,8.624192558209371,9.931315516967722,10.72505946854822,12.448547114228559,9.524677531579343,11.939636341688045,10.246200795016724,10.112741041106306,11.3341193359263,10.536286037303562,11.259355607253138,9.001511663759691,10.060079927149749,10.986895814845004,9.74694969232177,9.640036584079356,9.238579289801113,10.727751688591713,9.733620151682553,7.568552721228473,10.884158086375344,12.955007411673666,12.778711170459559,10.844073873108213,8.43609190043505,10.48125290015789,11.022304399742023,8.152498374062965,11.244632163956876,8.84660204989382,10.25139577258805,10.919795219669167,10.376470900132428,10.55452650996224,11.585839055376915,8.756130321094119,11.798041309970694,9.513421961949302,9.409967880254467,10.918598769491847,12.114941747270597,9.981124602666803,9.952728142179286,8.909195079717255,11.294761855117383,9.48160230985911,10.639527735306924,10.993793626758963,10.088939771716083,9.308176158667166
S068,11.033579453428668,7.554165307099428,10.875255052591,10.008673444785673,7.629689848055399,9.5601379066968,8.940695758576632,9.332266775592085,8.814184285862968,10.831550659493377,10.468708227796151,11.615170079350072,6.8154376054577614,9.981670984855384,9.355806064762387,10.125459902214374,9.930930456394586,7.866573156568865,9.20678175411111,7.371260705801185,12.358442020263727,7.946394270287602,8.979609832136264,11.217652157995222,7.971877239207284,10.74787669858622,12.474742982458071,10.701723492289807,12.42919138889416,10.01004592365235,10.098539901806218,10.82248666715467,9.671537796543593,12.891380799774907,10.317767095533409,10.560569150588226,10.84254542320845,9.782144406475775,7.697838642914719,9.0401323907047,9.31301649209948,9.591698236555807,6.167464945519953,11.802737841185541,10.186395625701076,11.373565390311157,6.922418560615919,8.642609265319237,8.990366025806859,7.611862098999188,7.398600078087123,8.822130915621925,7.559829460260465,11.038147796297078,12.05357396918729,10.834518151986249,11.289116227581717,8.811623559124696,9.965009685126494,8.520009307381162,10.982124437016152,8.184605848093604,9.34130805101854,10.463973699791087,10.517602888424651,8.731732557214652,11.068287842723654,9.24086970448525,10.845640263443343,10.929998641887831,9.517289398551826,9.827622250979982,10.474839315086102,7.900578333407614,9.124492103956362,6.645161820289223,7.862869101225896,6.422862753695227,11.093116055227917,8.925836022254094,9.592393711346503,6.770566586467234,9.71954690954252,10.584942572491004,9.690212026424353,12.919823565910136,6.24099291218107,10.497616534283084,9.905801972704042,11.35899759349376,9.850277523232187,10.514044518643221,10.354512107232647,9.718239994079303,10.246725440492858,10.62007709078607,12.37493289415945,9.439908686120095,9.259032088367778,7.3761172031827655
S069,8.022827873166046,9.54974058811797,9.002062433574736,10.794250197212884,9.753210619956915,10.23385064577316,8.72919271247401,8.315143777919618,11.057970944251426,8.430781261925034,7.0184102227638965,8.190951921599426,9.701245600059904,8.160002900157936,11.882216200102182,11.319685237844409,12.152860503209588,10.764838111265979,13.826376369550365,11.891983752209415,8.78477830448386,10.755847420083617,10.538433537974717,8.778417838703499,9.78604728662044,9.703589824423126,11.495250492394376,7.783248521578628,8.980567373414084,9.462474474315721,8.560671539117008,10.458029056589261,7.724017998407189,10.16601572500941,9.52349989823088,9.820750778448781,10.25135611339459,11.080519475893096,12.270336140762907,9.083433456554182,8.299034459424785,9.166700682453078,11.673671689973975,11.265341119913389,10.281046949361201,12.594657060663247,8.911617705810816,11.22665295137951,11.728269694152138,9.227082565725755,10.210524351858645,11.538607553576348,10.57316258245687,12.049108072021493,10.559216248592872,10.445418286075903,10.709752224857397,10.334718772122388,8.995273294682312,8.802985322798934,10.74208955490129,9.27429997362807,10.326459469107675,8.692986886429937,10.124279707012535,11.538202549204119,11.158071737156359,11.209327259032454,9.970263593453916,10.381410777599392,11.000400179183739,12.34071551005765,11.557247345305939,10.287455220530777,9.931649115443292,11.872296814120126,10.155551816686938,7.324220288759236,11.218815190764388,10.012277973814879,7.048650456953298,9.023181550442775,10.781783497728165,9.327045768443698,10.101835637509687,10.946532950985137,6.825657174623792,11.712628578717764,12.17744710879021,12.568097763580802,11.06582921880082,10.930262925930338,12.900615855342679,8.928990558886252,9.104313846901599,8.795670784138899,11.249625252804138,11.468226602977724,9.307290522969568,12.002459988124139
S070,8.67197445864758,7.440858373732719,10.751789022420967,10.077110895770168,8.786613546466048,13.228007384096875,9.143859781672,10.036769442465333,9.670788872226217,10.25666036454849,8.586038772070063,9.118651076358159,9.792294198947047,9.072515105742891,10.912744073874238,11.05764837465978,10.769380879236909,11.698953421760285,10.00832838270863,9.583048885067328,10.568299245310538,9.368750346973517,8.059621336000635,9.608912738508382,9.325715706483733,9.268947197977793,10.607171502184528,11.56620599729591,10.275614721522254,10.925989785010632,11.56809676269232,9.902090798651201,11.096122287769917,11.559534009881538,9.152206342741646,9.4395438385232,8.760402500468452,11.500870436585195,12.224148463766213,11.080571595246248,13.003482063572932,8.120918400697434,10.781034791151729,9.678326926500407,9.70814871433283,9.502579486837332,11.939760458848404,8.7073909719244,11.271784910215873,9.680935772316413,9.702316845880356,12.80742403850479,11.747567277967885,10.567865730818383,7.442844528946512,8.713493151284757,11.14779738290363,8.821347574679773,11.64483702053057,9.873645822802187,9.629366465987541,12.899143631982765,9.813302067896778,10.750292271440706,11.017446756440606,8.710631407508519,11.276321921245634,10.58594153431522,11.167904931008616,8.623612598290748,7.167876627094789,10.894424129326055,10.334415474061913,11.463921875212588,9.832998319070477,10.251705780387118,9.825147663043731,9.37094112118622,10.031722686113294,9.97190094287612,12.0775906412429,9.721087870510658,11.162136476586117,9.401466903162195,8.64467933654537,9.052332425776706,9.114042851259553,8.888505251077023,12.281011828555222,10.299427294784241,8.901234929005593,8.820261365212307,10.72187443846456,9.559090094901515,12.169400845070262,9.287400712915613,10.75301761893334,12.541090005569133,10.576373970416087,9.778482061891545
S071,9.144123947087392,10.747185436779464,9.467190945431245,10.29311325692944,10.149704634613322,7.681246323907361,11.459170897591608,10.735851605060393,9.830590142800926,12.130228630137916,9.028131749253761,8.740466512325755,9.981534415920585,9.825254576494832,11.581441552917273,9.40929459939702,10.973069287331967,7.318924540876925,10.811636887273707,13.933956040533795,10.781534928989876,12.310892954251454,8.229318443617606,8.162142456174504,9.275741932822136,12.897082524818554,10.071072004605496,11.349821449059853,10.79298946438501,10.802743668979076,12.461356771873309,7.855878064753082,8.27003092167132,8.418808122146965,7.832588291985854,8.95229719983178,12.64180744046082,13.305673758557795,11.150704651202506,9.31286996661573,8.153770410221128,11.099277257101914,7.365735341111818,9.688236959080418,8.366310846831286,10.264454387988126,8.548054285210258,8.30553846645519,13.91439437847534,8.092780726652363,7.255604507974904,10.464099669832367,7.632593160944721,11.619837685202759,11.228301286771565,8.734964024391608,10.647410458750846,9.653778897083317,8.667833481784594,9.873427299894269,10.225993843440659,9.976370674340277,9.954640516119236,10.13421325383571,10.559382971314223,11.895957669757482,8.127169873652178,8.75558187693214,9.706510699763397,9.158191726115087,11.806181480014363,9.219466976929004,11.211272124846442,14.638765830079555,9.325139478295092,11.095316315662922,9.73363256216814,8.351961558307035,13.00105679137372,14.604895905404078,10.446911296997552,11.402541055727495,9.2824577391434,11.521958205135034,10.97627386249319,9.86023972286233,11.514985012777656,10.44625085098427,12.502964588697521,9.092919391697995,8.889301729832336,9.78188475628241,11.475360441647727,11.165739465835745,10.847161351325875,10.366018165072923,9.050738807285981,9.409185359953394,11.556460760522077,10.414652393735508
S072,11.292310423479812,12.309693957669744,9.982518149407582,12.038843429172655,10.291301108134151,7.810252386023516,11.677248262266868,9.42915089400368,9.239682404945851,9.86388237096378,10.65083364884157,9.963736833289138,11.219395016121382,9.843159065950017,7.422178729986218,9.28393405525927,8.591991354245588,9.439596201882383,10.256005652011662,9.952997216657797,10.203919251266143,8.825571255212914,11.405106839933437,9.53879915701392,8.875656615147037,12.357754761125104,9.53172742833278,11.431721726387384,11.434826340354352,9.31643610271468,12.019028995251215,11.782538082723033,11.588673790376014,9.770993352222602,10.4686571251381,11.330584816858595,13.95278470833943,8.185170511271899,10.396645605400373,8.51277210776114,11.124059996398774,11.184674154390123,8.424033727854235,10.513271680520202,11.80657606945191,10.381926040522954,8.741101629359587,13.4457804303401,10.780280738705828,9.17941501008521,12.937115284590895,13.739615530430797,9.835276614438984,10.57452976463594,10.078667943972413,10.785733196246138,8.947242950860549,8.877874073795962,7.656776415466053,8.470553769853817,13.613336257107969,6.892213602466308,8.923803584022698,7.4345655298090865,11.651764369990854,9.824382910692886,11.372419563798314,9.376696231001251,9.018668267360427,10.007749281148103,9.764008241332984,12.588149192644597,14.557162078311281,10.518102292864628,9.863342497705817,9.245307209865008,12.668308875848659,10.82217981018178,9.036006015782766,9.697257287643854,8.446832885657297,11.944022823468774,10.198809344788033,13.812117045350998,8.952943887466155,11.798959244489478,10.66006275777533,9.460856003371584,11.485687018097472,12.651559747055462,11.493359521855256,10.652472073087218,10.650767983826235,9.912937815928718,9.424723946189836,10.971036917268519,10.70309642560315,10.224596717164145,7.249024992015297,10.184615479452969
S073,9.787058600468846,9.27423118602087,13.226044037156177,9.74303670639176,8.351477531792524,8.944596916675566,10.005066572511682,10.95915410700863,9.58943443309119,13.392973734582714,7.31355865198773,10.028438456078911,9.47408076812639,10.267778868576514,10.959768219451037,10.388118407162317,12.684004427283996,8.831033289930616,9.003332934485503,8.736786821762177,10.21580736713555,9.882572487870275,12.033056934928316,9.940345675699142,8.919608689527038,10.782356973028183,9.140655927133723,11.087836692550233,10.080044637440475,10.71017071080441,12.665679838162209,9.758834555877268,10.195476077173664,8.249083315308958,10.847984279515467,11.798144538889648,10.642363851234727,10.300886408565104,11.884655619313827,9.534370982094515,6.427118139790458,10.426429158186783,13.625005696048534,11.966851240644488,9.950643308464134,10.652864822120542,8.115021692819585,5.431499505528518,11.775492864247948,7.76970219644541,10.913551029010733,8.35484196643985,12.303419695413174,7.683603230782872,8.388740958217229,6.992126082630181,10.785877826699872,7.486025915475655,8.459632667152636,11.229594848337154,8.68608488678556,8.911434413929292,10.376214101514694,9.983379136919039,8.9070495866424,11.303379437235007,9.43925643849768,9.320069047345038,9.118490290594469,7.7794018160919,10.945164006039791,8.697833665895642,11.157443896325875,11.864835086514043,8.25096843066204,9.46526090842752,7.233128641805901,8.825509885623223,10.419598687994041,9.94181206949513,10.494250431088586,9.618815576903518,10.962197336942394,7.024544963530955,9.781997476783953,10.26920944954888,9.294755824945668,10.108959973802119,10.946297792911126,10.851172950140247,9.450464352290785,12.354948134315375,13.447318501208592,11.616155268751962,10.152261432436939,11.092227055626275,8.623612256370475,10.07718514708532,10.297080403488923,8.292560966379167
S074,11.186433959786823,12.623790592146005,12.393073721489767,7.354871873238874,10.999323777699352,10.204716599982973,8.88341401772558,13.06739163848382,10.512993193143265,9.3158054154121,9.966529184612902,9.265000124850932,10.32166525651217,11.923654013114636,8.46101883174442,9.754204636145733,8.19689408468072,9.841080998007362,10.117456700229122,10.511257591850608,11.43272244434505,11.644231925197834,10.587230310156162,9.30731142141777,10.050305765861953,9.095127919470926,11.752151593902994,9.217105576184013,11.1672885312619,8.048807982357726,9.890385071447298,10.211902384498453,11.931593156423174,11.407671878080004,8.454157412038636,10.417712065464166,13.216017346453915,7.704773607383255,8.258171627963778,11.551333568294687,9.780094071148778,12.273208508482302,7.458789426895906,12.378125732821875,10.113240702618468,8.258749546029794,10.876907710138378,8.153530907077993,10.672941914288762,7.4005297141128645,11.506273461697578,10.175605154739076,10.88721539201525,7.975665260677825,9.899315115961487,11.062193878299624,10.682007492481107,10.543507278817652,10.268766537243842,10.094069622404414,8.555990156523764,9.517780726983112,12.211370103119123,12.308657035853093,8.036764556234361,10.7913285969663,7.396761131891415,11.062522006066853,9.729279306015489,8.597485256321463,8.884476075123763,9.662447915384897,9.217152192431746,9.59997043625125,8.666627938006094,8.629293319099627,12.155499966740104,8.1950116609432,12.04859293429539,10.87640174627778,9.998043916771893,12.237869528454716,9.893133046415159,9.672014603624447,9.40147477424532,6.768506396995699,10.28675119800192,9.393003739495141,12.965262281060893,7.716832420738894,11.732918450167123,9.758770774149205,9.37405254981849,11.662802042455844,7.660663126199459,10.728548776258336,10.123683709370004,10.55455181689602,8.801661583403925,11.014000552650318
S075,10.36089058165484,11.5294420083961,8.244525517856978,8.756030920250462,8.962707079013,8.83645728483418,11.971336773490474,10.45737165278992,10.097121634954213,8.622222981824542,11.307202941417868,10.366647383389427,10.130916058391625,12.044618490962023,8.450048965529074,11.627583228055396,9.064990295492011,12.800329401403719,10.982974972850933,9.773085410389234,11.762758108127699,10.010061814161364,10.15698839156107,11.550096157826756,10.063033195412011,9.124396954719415,10.037057741169018,12.434078172068594,10.608576555152863,8.581587248232593,9.628410486584492,9.253473862037616,11.654582869977022,13.14742407373506,12.116101666285708,10.459439369373916,12.61995757840823,8.904864420007167,10.018387811461297,11.406451087539557,9.009040208817302,9.941653344537833,8.740128983829173,11.215040558697616,11.31556699763122,9.559482624067446,8.942062673851213,11.731745424160758,11.960768518376213,8.258852751968956,12.073926422231956,9.014337691613788,9.32515175642803,9.70857706110256,9.834189507109699,7.930953004068911,11.50449130538447,12.108078710149929,6.629823384584624,10.214300534131283,11.147053897410853,8.94329991965256,11.47566485385889,10.144962730558156,9.56366268925343,12.289449824882903,7.6724053710033875,8.123057208948048,11.90899991187382,11.03295527625975,9.524043850348258,9.46932417709628,9.024918757954433,7.546240381991091,11.225048513193904,8.829236045805677,11.984899334671187,10.358732678262758,8.995713453471591,11.925561354533473,11.125706059361486,10.27694135681204,11.839759229132058,9.832291191575093,10.66755046372147,11.380512220483196,11.067414591688253,8.592377776280085,11.65460145718423,7.910431065136848,9.22066471001884,10.009849395532953,11.721155478019881,11.600477229232537,11.58099153219948,11.952672669389361,8.944491726155075,11.182277646626046,11.369319483182856,9.091551856157373
S076,10.193405604815258,8.284643271458894,8.740586047551997,12.093695527339396,9.219128320057488,9.881062871686577,6.56739419871907,10.377584244956644,11.273799956943684,7.9036141676215195,12.814777444097865,9.292016675905542,8.867842457906175,9.288401237157656,6.981761614032886,6.440813508770616,11.919523933672131,5.773486577662,13.160273213584036,10.210047948497598,9.72098324050795,7.871157045151202,10.091919008894415,8.201343120426488,10.077018494982093,10.95239167710806,9.155320520214753,10.478811256761576,10.19726645475686,7.6916231428838735,10.338884852010494,8.446925973856366,8.772955380695718,11.061805342683744,10.075157842819225,11.70387934077235,10.042362672112988,11.945517983378682,11.169629499724593,13.501225841272511,11.10326023971718,10.192609941008609,10.127593283165023,9.409665330837718,8.365977482377414,11.560820460410378,10.211797466343892,9.529125181976685,9.655660098936306,10.1527889878485,12.080387999236848,8.827033298775124,10.475242022044718,11.001435055307951,11.169417095981625,9.133169481926167,9.21112835639018,11.409960071977682,9.714960664378953,9.807245581521803,8.91389838691841,9.288247235322673,6.091750637351147,12.367234637961609,11.294690570549037,10.849545963191149,11.368438554241365,9.740892608970334,8.725412869968402,11.140776912527585,8.776764048480514,8.615706557127055,9.576190776955853,10.646487141000156,9.852065219806455,10.853713503942858,9.089547240208425,10.046742765617791,10.055852343962663,11.078707039559678,8.059646885952972,8.907624910797479,11.105538547375774,5.492201931070226,9.578911456789385,10.413300736823798,10.810470040490577,11.825629543923082,10.354418888317785,10.20362258964512,10.971262250558397,8.252413793571067,9.192998796283156,11.004514286068085,10.169223104119075,14.439289170233613,8.563978196977049,9.841577109749815,10.539038435968742,10.331132587549902
S077,11.882107219720456,10.52670307723457,9.704199298029158,7.340523521076156,6.5793690198432655,9.364191671307902,10.79330816220664,11.49097807277875,9.025484775085742,9.525513678355649,9.633794104404512,8.579151762429756,9.603900383406202,9.992814831642693,10.3801586908745,10.322228630736053,8.90861548327055,11.220264768911141,8.324793304679092,8.140581588946276,7.885950697272417,10.099439054604723,8.696866885884688,8.978158936185858,8.393063774683005,14.180875701815761,8.541505386603614,9.778141562878185,9.122421507529562,12.405831042973269,12.125088621966395,8.906590437383363,9.778951227172763,10.231418016218841,10.952668370878511,8.532828784271448,9.854806903730491,8.915176597125807,11.447882995525946,10.330727232138857,9.086698689599519,8.54286057969173,9.228120677036351,11.01894387472803,10.023196895525068,10.036187092657057,8.085784733234675,11.21385672967274,12.751314927265533,9.1344631539501,9.423226163183289,11.836314283924704,9.255663915959882,9.828821503053511,10.832753719522582,11.074913606553698,9.855160955212959,10.247092800673462,11.439495870246855,8.237921700901094,13.132794073448713,9.477566325185663,9.247647901403198,9.53912668384135,13.208296011428848,9.94151400885116,9.239311779093155,9.62768432613066,11.393891651249458,11.69745409014176,9.348904476521733,7.022815662880678,8.987176206949481,10.235120122352471,9.7922298552026,10.89869129622185,10.327965338159458,10.9352958456622,10.036407047693421,11.497290700154544,10.00662856451973,10.245371451678276,8.686429007325504,11.06829730833384,10.87593218080737,8.4645889999825,12.001670529284846,11.488394688961861,9.038020622604687,11.276736603460707,12.125868556742738,4.88186403007138,12.576731375046565,5.150534265379734,10.36872800254108,9.835296844670856,12.936720389121792,12.968985356974642,9.945101593680652,9.789797174790522
S078,9.559895226294161,9.487140746787478,11.194500657653125,10.275537200108086,8.93302342763085,10.352198921272699,9.595103439237219,10.535157641486444,11.120262113204287,10.727205901318417,12.834630448465878,9.749771657072241,11.740860943103854,8.459515323819499,10.327110327451125,10.197353750483943,10.54611959085299,9.177019035275482,10.378426016710382,8.231267853117119,9.78111736512124,12.06271292196548,7.7507729325122625,11.441930071146926,12.210479826000633,11.219054375689737,10.646906981965142,10.178767058517174,11.756956519629247,9.153434550785942,9.918826424990506,10.308390545749987,10.797426097002727,9.15355274712779,8.263258822442918,10.17928362255722,11.059687394310465,11.083526629661744,10.831619189841131,7.3079746144062625,9.57110507465047,11.645972965247672,11.24710229053443,12.319305633063179,10.572346242605455,11.73048160948054,11.110852986997335,12.767477779861846,10.33181454070832,14.222031164928982,11.688750147792133,8.403128393149634,10.225743068146205,9.648842752720187,10.800385648594196,10.781232621633972,9.848995862170021,10.747902136177084,13.500562351456981,10.945801585671164,13.306472720917428,9.030113779251835,8.54568780586611,8.25951877642568,9.626563080257458,8.877678691200096,7.790448987957168,9.01446954637487,8.423959868414382,9.36702396549038,7.491606954126784,11.824186510779885,9.819301601448604,10.752730096170705,11.470724838464637,9.89767074641765,10.472422486053254,8.791691487321177,12.076054980952712,12.252933567889539,12.008348069386294,10.180525857601703,10.049636495747725,9.287535901609507,11.74734080606454,12.516721301154654,11.356216401489378,11.664626364135211,10.870969549343801,11.802888693818915,10.040237698639729,11.048772609309236,14.069961307264602,9.573606201673456,11.420756753162891,7.834367402564388,9.841380124229618,8.512513322378627,9.228955750540758,9.290838190592524
S079,9.78706949599026,10.398740987778417,9.020318341033587,9.173247722493475,11.98790338029658,7.402652769168871,12.048029308883137,12.56554829892268,10.66423685945317,6.659862952256265,9.679779226311009,9.060885220133748,9.495515766598075,13.901555602343313,10.195679533976083,10.895649528330997,9.549025192955494,7.973330314264738,11.480574252308475,9.2373399270453,10.938690814235521,11.005790519292669,13.478807387868578,11.124299498431027,12.083752071408906,10.020177349771705,9.912216969187405,10.55198398759965,6.093672730349983,11.118897981858847,8.406442650983946,9.823376706482193,10.631131097474883,11.073428321892269,7.031006024589639,9.554674570116035,10.774675621133566,11.47020599736601,9.878921753720219,11.273865683352529,8.422959677824846,11.564313212477671,11.793135729358367,10.713519547608408,12.594485707089271,10.325530408892789,9.209545751897728,11.871375689110252,8.56559983497211,10.390595517657834,11.335382417549702,7.136583250922348,8.807632308777102,9.301703317223051,6.700749328041446,9.908585920601576,11.439980417172116,9.170478265192116,8.068821272918843,14.129783578488514,10.803934385218975,11.30683274205267,11.657696050097925,8.402303962038735,10.815286959400886,9.883162697748173,9.75026548385181,9.84341960202583,11.62636766286113,9.201623699050021,11.014754118451066,12.451593837537192,10.367961798516147,11.30826984135603,11.848728307361986,8.23394569409217,9.884027901623057,9.896043096492372,8.500081082638212,10.088767071365416,12.097690551444895,12.492725103109372,10.509968156321026,10.349416657297262,9.370298757678931,9.08070797735385,8.79893655008247,10.10573873211885,6.704661054591334,6.791715089336554,10.141604309015367,10.42060716003569,11.878077470274043,9.592049153890125,11.794911197732821,11.850745979613619,8.155385585143973,11.503325240900464,11.060076539333373,8.183788193946583
S080,8.997467381444487,9.496604690504364,9.799616111151119,9.978455422038667,9.682614912244935,11.15595020680156,12.289925047375164,10.585468926638205,7.901694937108688,10.40315308442809,11.504327490089505,7.198922790789549,11.755736437519609,9.347878309432188,12.118103431346908,11.237765209858296,10.268616029475439,10.776235378474704,9.956919819219367,8.95119199396684,10.144496781341182,12.288790578451996,9.965421131347512,11.418601729569584,11.802583358736921,8.296050239858047,10.251808258430863,10.498765076304569,12.148532690579064,8.803651545838456,9.707404302125592,9.39713055793736,9.61857104951497,12.158141130443731,10.473756492737305,6.766617015920199,10.250199903152394,9.897788893375887,9.475320471862252,9.884959284275165,9.047732972979341,8.449238931886974,11.128535507160787,12.019248852712371,9.557819211824096,11.245519730821147,11.128523972714332,15.776502498788805,10.799417370208948,9.03303087438461,10.302878221560846,9.630434342350563,11.000670473787745,11.092917103476303,11.231162145744468,10.750503129949811,10.127604135696899,11.67300306296747,9.085247610171425,9.921896429410358,13.253080808138469,7.99219193783048,9.948104055412752,10.444530967808664,11.77802167560197,8.044781710978294,10.46192798494972,9.363770429028591,10.913239967302172,10.485833704281251,9.84898128563245,9.707324279924597,12.037446058017778,10.472141568972047,8.232329005729575,9.661529693869243,7.859294806637646,9.065710344325563,12.331116578931963,11.364517806482928,11.229304843008695,8.976173610811983,10.482629331475913,9.896303396109369,12.0216798468128,9.949986271348852,8.852962989030859,10.425986401325229,10.195228559060375,8.233247658719534,8.354774335097991,10.91738252038125,10.069927343985471,11.43318239635704,10.6489056126827,12.884469901590824,10.930679861143947,9.898198508898153,8.895338863632189,9.668324040238739
S081,11.486956068899682,13.673235797394838,10.32500585763702,10.998909935216997,8.833863524522695,8.658886867805753,11.39706170671725,9.27596053786862,9.777102125335107,10.652679540350013,9.097946893555084,10.422578368233559,10.499257901012369,10.308134476565254,12.23086864165481,9.465579731047269,7.557684737258225,8.228955393358053,10.064224600961737,8.966847367959337,10.50201220590274,13.12101619607138,10.128161318091518,9.576712385048685,9.111205302608589,12.15959151607688,10.530165527191915,7.37887756596144,7.658638628191482,10.097677572456961,9.183333220813344,8.232714882607361,9.134525895152308,11.06452059958213,11.837542740899423,10.847772289789273,12.754322109723649,7.43240286976055,7.393597236624206,8.612634161269597,9.628681321707907,11.026853965187826,10.888022022172368,12.697858950567772,10.036468323926067,7.856361732449299,8.577333646512509,11.320650374536413,11.494592055817952,7.495587707412141,10.75155856486762,8.744401447189096,8.746296996328416,11.51454424886316,7.54074499456952,7.551680106439276,8.735524539671164,8.218149189879197,8.85082998225882,10.881720616599404,10.144133108909596,10.292244200293673,8.877727227767389,7.798466913045733,8.988554086993744,9.718790312886652,9.732464895701666,8.367493540186402,10.27209557159599,12.061111110036705,9.09705600145221,11.0982329953134,11.000536514792195,10.435780748045778,13.024599025908918,10.665917780415048,8.38627888049911,8.32520059658647,8.200248426472955,11.725362616715133,9.844073065677525,7.348879492675415,8.86997688764199,9.03775986702325,10.008697255311148,12.517560631852946,9.29457225274245,8.4070768282637,9.353568365105483,8.445639380891643,13.083251306653182,9.700604455508968,10.372757515939362,11.252112611751176,10.612565390651733,9.049725700328164,11.298623970611946,12.543622788143987,10.39337817296709,13.498319494977817
S082,9.744350031913902,9.871985352777715,9.328461688152325,13.657679069900524,10.526141298378553,8.01140959091078,10.844660787484601,8.775298546210513,9.166076922478018,7.329174333438909,10.559252250760462,12.857040860238051,10.282598076881854,10.624771311120474,10.136271049384904,10.013704839554435,10.003817480557915,12.652257260046762,11.180145213831873,7.906465910769031,10.514391498583075,13.269828977309498,10.745458243031075,11.744821288429845,10.645973223161185,10.713444930207901,11.36953990465496,10.803781375186801,10.159187674903675,10.3612307674519,9.17056308077664,12.62702052163944,10.705310752311348,9.655507427006533,10.568538704730138,10.66936980205245,12.763177669207495,11.396973604118331,11.026887800029902,9.840014741032515,9.955049962787449,8.992993016494063,8.671337557017347,9.79476241631383,8.71798064533618,9.385654140647668,13.836432602131392,11.372546741616013,9.876000079238729,8.024527308821483,11.88565684412503,11.253223402183457,10.834490669749583,11.91884772157459,12.578240225932268,8.29949128024165,9.146231339938254,7.039603588221161,11.145584077588548,7.85891315149597,11.400377401336009,10.620365860560645,10.256879598813287,9.159832509546503,7.356681584203188,7.543088834758761,10.322369630703696,6.907616910661558,9.390639621480105,9.90383730942583,9.45550238720677,9.969735056324295,10.43613079992123,10.292804179440315,12.721571317615826,7.141974417972939,8.979647498284894,9.725070703290273,9.773202223902983,11.105817346275268,9.955673108682221,9.383860063576037,8.888934633470702,8.996837928514749,8.121219148286668,7.863225117834207,11.117921216873075,10.127519406571428,9.470267418400399,10.766103372980725,15.16675720175434,11.20374044349418,9.692525530433493,11.199655194055559,13.445380291205856,14.469149568649513,10.758424993287134,8.158751100929575,12.68020726916123,8.030053071350867
S083,13.371688070117788,8.601698083310454,12.320809243180172,8.524151021494921,9.45712410861314,8.120893535905596,13.573609582331652,10.45359802912498,10.507032224974427,9.727660930600816,10.973399158162822,10.321732412905982,8.352938464868583,8.436935554323346,10.176697936997671,6.469976436537119,11.470356408446177,12.843766918216215,8.692121781498063,10.027150669411737,10.511893667814045,9.615419223758732,11.277983930652084,10.968774265473028,9.15046501293514,8.606077224826986,7.214266709405488,11.425782783010035,7.791243318492013,9.75145695340166,10.429754647405902,12.074885870713587,9.679810493976966,11.453777721744093,11.748624696443713,10.906850555046152,11.24417050849209,10.345155514421558,10.961459150047776,8.600258084013708,10.717436795408714,10.921774279658468,8.887684693699917,11.038630003793946,11.478942545575375,9.715925879259311,9.735642871997223,11.05248101649136,10.502537452980665,9.858701206928215,10.229917424673015,9.134188066595842,10.721139972367418,8.375061371449167,6.20034328175101,11.410671230350674,9.95618992495668,13.193759295875168,8.0741411296631,7.264951865125148,9.70260308284087,8.195928025924692,10.379411269822558,11.496430084893168,7.803742406597143,10.44378495029233,9.208675492338834,11.084997589044457,11.019438880177868,10.039196201340035,11.532295932333087,10.728472683577616,9.326932755016598,11.176996302594398,10.95245340800486,12.239543658095787,9.404300441139933,8.748859763530447,8.88129704830567,9.864871528262471,11.99547159149388,8.266867360743584,9.376515265967534,10.741423000512379,8.926865456707704,8.259864013368128,8.422049204303647,9.013280369631719,10.784250487433642,11.17945253484047,11.237559411986503,11.586281018519086,11.807614504893905,9.453297871933053,10.062231758576294,10.784098774308656,9.934670019565845,10.520262210464672,10.691577392949581,9.870026695805665
S084,9.119689860019408,10.62396127611252,9.216805050608757,9.28568878691062,10.99663898004393,9.353577690098035,10.747883984304131,9.984550938110088,10.702449849932442,11.0034954710857,10.4687202945361,10.42937807749532,9.925791827382804,8.33392340780902,10.574262097171943,9.103957398133293,8.555856650073094,10.016384821697166,8.32630542374163,14.042915501716006,9.872508391726585,12.360615095378048,10.454118701691995,10.03978042441129,9.888961979304645,8.993495233669307,7.755750980103161,10.461325761307844,12.245113749569175,10.439296026643685,12.887148487339365,8.882989655838527,10.126051750982775,10.680477282151159,11.818863894608903,8.598825930294446,13.588965082830072,8.261204253252105,10.950570615327159,9.177508447572476,12.48824692526516,8.945266407478584,9.623829130345744,11.587418724783332,10.010622534015441,11.634114547655965,8.832304525677232,10.812515661187167,10.597313494021884,9.197818884967294,11.925794377493816,10.15780190767134,10.60889112990453,10.730303358874231,9.389285247749699,7.274833051449035,10.442810734965587,9.54692082006137,8.608583413812529,7.526912424308195,11.002842735751534,11.20633645036048,10.03952554384376,10.089152805639143,10.494422131273202,8.519168779114203,10.445689554110299,9.54144893602014,10.7954560083767,9.772599704263921,9.106728097064133,9.236078011752191,13.427832049556184,10.096846462041501,11.823358575070372,12.834195152831548,9.496837573127213,12.3813034592838,9.432095415834759,8.368983002520853,9.312195196100411,9.423746464038501,11.825482961647749,14.94189881328123,10.154689915985044,9.129626716660528,12.556562596951292,13.79984738852686,8.807446015013458,7.9765575642866136,8.995383897948772,9.440378178382101,8.765231183125412,10.127921059118783,7.185654811505909,8.92876273149906,9.380028298009464,10.987429156033818,12.096451010780605,9.510184576700647
S085,11.107460995694225,12.979138044639145,10.566417368324496,8.65780700345288,11.646619189351636,10.235474359889245,10.499879567981772,8.975772463640524,11.542166323595799,11.141656305676923,11.397708846880608,10.32899932961874,8.226904282511912,7.671150382083711,11.742384706989254,10.513630393941604,11.028570395280868,8.81325536977152,10.686207158071277,11.810089354198675,9.885642824169086,12.22682238789961,12.00409475915601,12.63509410389641,8.515594239729346,9.866767388879877,8.809403764743255,9.530794987367532,9.400601438388447,7.417828486315887,8.044055117500273,10.18650216882425,11.10803000766603,12.321133963591638,11.421907911231985,10.903230602385486,9.716491372123842,11.286691477816658,6.1057904773953195,11.018410076260809,11.545090501393684,12.665904031425729,8.161382952719425,10.437390451914649,10.289187207311727,11.582715420805796,10.354420470897889,13.780752338975006,9.88865180014296,10.353583833174197,13.143380245150574,9.78261119216333,9.950059354487182,11.771584940258037,11.110698082255944,9.998889677694441,9.928356623166207,10.525120977354604,9.411335082841367,8.276840379279463,11.268619100367722,8.208757476488344,13.314231705436764,7.7553200600992405,11.874790523507635,10.792554157553718,12.059316558687126,11.265459625902471,9.7725898196534,8.915904072412658,12.392382907387566,10.40955949508931,12.762217863473355,13.578821636814698,10.427806932780948,11.333374093316365,9.374344841031471,11.106306963822838,8.492781661409968,11.301693146417493,10.614325666393947,7.347670445616997,9.713623227231624,10.742532176727433,11.258171160411303,11.190268885266416,15.552480050887699,7.855312661597796,11.10212914405973,12.435585754242371,8.622392012588943,9.546250318360045,9.675442951770629,7.298691726775094,9.538159445775097,7.986493587182291,8.179166804744131,11.231779115303306,7.140903279414271,9.684383892036964
S086,9.296958822673167,13.366134330716106,7.299304532856883,9.940055448548458,10.630207322042528,12.33015199445579,9.021522703474467,9.345275981299833,10.457556236842244,8.159572089495173,10.558903601962278,9.066996124981053,13.181091083683334,10.342380289678045,8.073160553362436,8.36350313436474,9.922174810168595,11.16864020330198,9.86637963253665,10.16281318637756,10.328764071706763,10.761881061428035,12.412643369227203,10.283187923133852,11.784647976856508,8.475075027073194,11.092628302318731,11.559404558656007,9.54636260228378,9.43946694296545,13.963404258550206,10.959265489225922,12.176941565664936,8.600208836860773,10.177868376085216,10.997323994436544,10.6364802339404,9.953794194345368,10.14130766197308,10.557677086386402,9.121169773232603,14.407584282861178,11.620140508152828,6.781511726035065,9.368500489658004,9.192867618348561,9.796118229797385,7.87140152916151,8.109496895598982,9.467565905178796,9.615108112410011,10.180712221052309,9.905909957013185,12.469966540049676,9.973142261929155,10.12567222656268,10.730023233236041,11.044632618290608,7.49394706068351,8.886585715307689,9.879516282106458,7.254491617872837,9.49579958718362,11.24865259573447,12.559656273160343,13.195211644412883,7.398897272552088,7.87969074970121,10.428037074394654,8.763843999630918,12.011477239288872,11.713454950707085,8.768589557097181,10.173773410737622,10.115299541753073,11.39616792819528,8.765406797353139,9.789443902796819,11.080697517301878,8.557203905825856,11.98239717021255,10.458101184437455,12.262595873373158,12.785564565803464,7.8819151728094266,6.459962024416633,6.111905701506538,11.439790248785675,11.420651643395647,10.153955385092315,8.38929878479921,12.656222657351126,11.075871869270227,11.65391276230865,8.927906730655378,8.443653722055927,11.82181075640796,11.70936219119682,11.681371344492234,12.179043294058035
S087,10.85882786370704,9.634521520120046,11.182070091718213,11.007509604901076,9.279186560083925,12.34347170306221,10.352677932191083,6.76332251440491,11.002637819628555,10.828321018815078,10.289328174138223,10.616335723316098,11.80974170513337,9.182218072616639,9.99867874829354,9.339442841145235,12.149398037482108,10.883656456798636,10.470486401154137,10.694569831555777,13.583580985321795,12.35488181975705,11.208751444971364,8.374517129457269,8.61497037523477,11.528952917251427,10.28452214613747,8.10638183907983,8.52830455559634,9.113855163685841,8.742179502128154,11.849381088273084,10.249502613013473,10.381252508252206,6.856432009887382,10.38183977715213,11.585554771736966,7.438096323282878,12.533995093215575,8.042882203296697,10.549810954315475,11.94438867176952,12.887480829548313,11.249308627102499,9.043383179296509,10.78248649749146,10.726999840881362,12.757251267445552,12.480291550937928,13.789936545468994,10.863537296847559,9.192536745776552,9.161827511373485,10.140060013561854,8.962149401431553,9.942665374231833,9.203295198940268,10.132120852216342,10.72049668680697,8.920058405338766,10.657325349002551,9.954597356656457,8.037031506958337,7.577516129595825,10.33916535694107,10.83367847889323,9.586511310363493,9.618572101064844,10.839493447215693,10.530530435832326,10.654103290592216,9.893869276530063,12.057966329706451,9.70097646632115,11.094901492901784,12.05439977184357,8.725435930780918,9.640704578579479,12.098668903002254,9.712723887708169,8.30992295733387,12.738807476221286,11.602620993109188,11.491249010922292,10.088727911651487,10.738303450003219,12.483381122942125,10.521987002455582,8.921319406328081,8.119238160042848,12.125666537680216,10.32007591241634,11.555169011589868,8.835682914179262,10.74930063377089,10.145782723262913,8.448365111687739,8.655592804206265,9.843107644915134,11.728995687678271
S088,9.306029159428574,8.517515022501241,10.370623084756783,11.538976224241422,11.618752451708978,8.598111891165265,8.758457661217822,11.926542606599716,9.650439665679297,9.758491794278838,10.889454970833288,10.79760879223778,10.142479182831728,11.150061509863388,9.019125605712937,10.5152994420221,11.991271648427084,9.559910315726395,8.932110267605474,12.947878681112238,12.636780288385417,6.9674953154583354,9.981588232789575,12.06735394761575,12.271701779421182,9.681195306647497,10.154446842770232,10.099469596139864,9.020764841692971,7.459896030330572,8.154468145557916,9.076429210042079,10.01285248216999,11.219346609569202,13.762364476893467,6.515239781782781,10.90072290977815,10.402826315528557,6.434895356014543,9.254443620032177,10.236660780848455,9.369491172361704,10.957596258217709,12.24258817316335,12.124885915099824,10.564107740152515,12.229147224401856,10.069913815532862,8.457789603560233,8.602139071509338,13.080731116719447,8.218407386472494,10.93069566379061,8.392345686103234,11.065423170475299,12.097883454100238,9.592329264182434,10.460192786361429,7.9492906991099614,10.140345427455218,9.007067462465917,10.257913961406082,10.551798600830582,8.826170922746908,11.49441594491244,11.441671773800067,10.980879990470847,7.0061557702690225,7.603722505099507,10.169265986023069,9.874805618409969,12.014067325866327,9.020289719926126,11.296422027061965,7.230087583526164,10.289415487754063,9.566362696242102,8.323519636525235,10.512829636785256,9.12286399795898,7.3976334057091755,13.222453687555303,8.979141252378405,10.46087216729409,6.998704647196138,11.669108475502446,8.582792429272365,9.982760634153516,11.845577936072466,9.965534516115742,8.772510107584825,9.950372654674284,8.01266340127407,8.651485211676384,10.704422638239233,9.748841337588955,10.635809647814835,10.736853611355128,9.402347215629984,10.614177653619688
S089,8.319249370177124,11.625514690328007,10.261316590911314,9.480173442838916,9.057684801290073,10.585539931569029,6.990941738585847,8.479984460228538,10.121485321366215,11.730058092993087,9.636974074528318,11.258733778115339,11.067702538932764,10.2156142508022,11.354144908024592,13.458005686725397,10.542840707949786,10.07302815533302,9.97188648848263,10.152024122771754,9.979780278497454,9.54923581835051,11.253660804707565,11.005759639762363,11.263153245580364,7.974492475049586,10.045177554314188,8.963129139277356,8.417645350840434,10.49064733875933,11.739793691662708,7.766915938735285,8.369471714755472,10.23314473247565,11.573910639870988,10.801312726531576,9.476930288083377,11.79530828948196,9.828015429256954,11.992713074319475,9.249624512242393,9.161088597732547,7.42794428018716,8.240198995652761,12.219731407626483,9.318096244731052,11.627462000450857,13.198964040866755,9.914320512820588,8.889708398693307,9.23138291666828,12.319806385136665,9.21916886272052,10.712162632993687,15.073973627173716,9.509890581786864,6.668405413795162,10.80783136219348,7.439966359600471,8.906915374051954,9.43220371593972,10.033564736160534,9.733387175821399,11.45129297707976,11.1779521431394,11.071221042528265,8.566902713018042,9.049314809203642,11.026707682452786,8.4405288330959,8.367276999202847,9.823929567125653,11.505059951544837,9.00172569916769,11.255736509053243,8.324631118074812,8.950899920770242,12.694223065998608,7.861266256571783,10.275672908746197,10.490475141761223,9.126289251205712,8.790218974034122,11.770316299851745,9.482998266115018,9.941672884920534,11.809305464078069,10.72709009767168,11.013412664997638,13.638281950510674,13.55390102504764,10.662626667045497,11.06080924865187,10.46817337113854,9.181904452067991,10.167475837120744,9.617705467908843,10.726224615004543,9.704089191461756,9.144398962310326
S090,9.681993005852707,11.893197253637641,10.524382611535286,10.427116606104583,10.172539073509798,12.283373005488153,8.982365510300394,8.188517460154822,9.835748589529935,9.63054724946609,11.017164552333757,8.437731983013547,11.239482945169925,7.994369107989588,9.882022994699119,6.8535284341905305,10.357746113099036,9.790457222866255,12.434219945086886,9.367531165976581,11.922329201386043,9.624530202057002,10.609724382368757,9.851088746096833,9.959441052227337,7.692366414758859,10.771875988496435,10.529323769539992,11.399035559845442,8.833532348853932,11.487902561779677,11.097635937497607,10.056280764321782,9.144451511135339,10.593391896606228,11.26319856710194,10.588191403842238,10.59540719887767,10.076201630005567,9.00316558539041,11.163832146254162,11.705437808937468,8.757370052243216,6.682431617189267,10.588090789167696,11.76083046874096,11.563907140640579,7.760871995939819,8.899848755456603,10.08158231501934,11.114161547391232,10.341589864467178,13.752287623073062,10.978314864358993,10.650319283307612,11.65650586970822,10.963389174194404,10.120747287481157,8.540039097252428,11.855610085049305,11.048371746548918,10.461775477726741,9.998707486797684,12.555441675437613,10.60333127747624,7.209553684240841,11.21264299244146,11.205252607721008,6.922869473946647,11.30809566474153,11.468210438631155,10.574337827246158,9.968150498798677,9.777766308512753,6.627494490339729,8.881580897756466,10.87512170718082,11.169940475010156,13.08729651798847,9.627249346929142,8.22716811550406,11.920583641300436,10.923114339376657,13.342610830076715,9.35216011321863,11.464081009514455,7.912558471615991,10.0762864093018,9.266570082391022,9.081257551830172,9.819271246247727,11.708193740919985,11.819416334554035,12.396316104559647,10.914475918856207,8.822946308524775,12.00580798385305,10.875378408808098,6.728377989486128,10.586304750541768
S091,7.4577731463049215,7.261231312874795,10.754985545691474,9.77601222874251,8.930778523413453,9.005588405895608,10.508696876096657,11.339963199864096,9.308645131072536,8.925078993700826,8.252803224063504,11.399099271395897,10.289554994036092,9.929808231228947,9.141090494750022,8.209317549530475,8.834624113857464,7.6720148241829875,10.136689249234264,9.804326491265106,8.584983407045705,9.052970038900119,7.319294064590627,11.63778909121599,10.219247995738446,10.70710631117704,11.783055489281674,12.43166600848744,9.521392910607284,12.183334090277098,9.485263200789634,12.728959098763305,10.292872388240504,8.122736079558933,10.81630431015246,8.834290562529022,8.031671803692204,9.271087292941635,8.142389183241967,9.814278336010089,11.981072785759046,12.104254421454698,10.953492887103305,11.196054574841355,8.635895649530035,11.801690874556027,12.557567300427696,11.990467802291974,8.477861700239236,11.256286341022355,10.133514877569025,9.586743206003757,11.300994246128372,10.309486432045462,8.05382116893077,8.568215206437744,9.353092445014816,10.752963747855821,12.029081605189916,9.215306436738828,10.744566724654723,8.346496078202627,12.340129210325335,12.141284205694504,10.16213036758782,9.278015214765002,11.272515130901901,8.874577355764698,11.279750209093637,7.9117949051891205,7.655846174339643,11.5832763449053,9.961999973218612,9.084323471814466,10.101420319383678,9.276142376762389,8.185227430761302,8.844036634557954,11.547291610318334,8.328002750078019,8.323199708408511,7.62451205613805,9.323784377852247,9.397289759876148,10.731852917980808,10.771340766930868,9.976980667645782,8.82309413969498,13.20756421416103,8.957054529404884,8.24999529973779,13.033252748698242,8.967610913749546,9.647875162285231,10.694663252048374,8.759907069150351,9.65070343438068,12.312918893061198,9.842782208703984,9.7460209909655
S092,5.607311557283536,11.084930304073488,6.9621326170461275,10.338142134607184,11.055423123610051,12.514044614885973,8.459093812470059,9.581661828946723,9.068239828680134,10.14817834818081,7.5469201534461865,10.058865737399246,11.34889086007306,9.964712033158538,8.925117251363858,8.555296504300646,9.008071506164582,10.159070311688462,12.068761455891023,6.505186249141948,9.467240792866972,11.206763962160846,8.881022143197768,12.129742713072249,9.598013753058543,10.693645151008504,9.318355751275353,10.574561371629985,6.747139791005978,11.773731417794728,10.01856201388998,11.721607510937073,10.271039681534289,10.061734667351931,8.422842409863302,11.243951222672848,8.867859521527988,10.590983022067727,11.008988296086624,9.55124672283786,9.6323467563317,10.07151930275159,12.22378608422102,10.06515086124291,9.491397189240546,10.787349133352922,9.997752114718127,10.804694104759967,11.225554286810956,7.640057843501179,8.16675623856749,9.697645793654083,8.819974512315145,9.224986566113042,9.660370660936858,10.773021059423716,10.823432903351454,12.087923358706952,8.218464757996781,9.018464222885289,8.284465227843397,11.9291769633449,8.901263743512269,9.78186762426691,6.568007004502185,10.852400078713528,8.580079483170312,9.30432959116287,12.29079681879602,15.417315384557012,7.84673686662121,11.108658346496608,8.008713146237515,11.40459774826557,11.354938471720812,11.021534296564662,10.329160157076814,9.567790823652734,11.485517751056516,8.132879216094102,8.963721545391076,11.060603350308348,10.366989039228764,12.013671758362676,9.102855238162793,7.456601163188776,10.08269721076025,9.907562877247889,12.014248319185844,11.41585200026954,9.680165491254737,9.586780667480026,12.843530684334862,9.542483884245398,7.834018022496941,9.435536248231692,10.154528203039684,8.84255364802075,10.976867486042416,9.331940565348797
S093,9.917369049324192,11.016082076643768,10.054147631679339,11.223624904819488,9.845576763852005,6.7311008297679304,8.981024350289236,10.217942616658517,7.825918577611458,9.22453719303547,9.555011598136613,7.8978537159177655,8.789095142430485,10.510567456900839,8.571591950372829,8.26022511166757,11.463931241561653,13.076236829619251,5.928306239124296,10.230069292876415,11.176955782920107,8.681521258056494,10.256859010064446,6.83136365192016,12.893307279130534,11.499479374986798,9.212894005797663,8.795873883939317,12.397166525813738,10.056150482306375,9.00706177476904,10.470507002812509,10.459849721399596,10.612709204156461,8.924691449559381,7.5127346533476675,11.373769986097116,11.87330572743468,9.745181632536655,10.194176912072681,11.339337219286977,10.767939593006957,10.980229340662316,10.467029185798264,10.30241645323943,12.424984753153794,9.588485410212904,8.296081368580413,11.297306651404366,9.94761863047859,9.543299342272128,10.362372111219464,9.980430234433364,7.747799835588893,12.675740727119233,8.04776510664789,8.345186589290932,12.361773368599184,7.366689827499682,8.846817455996096,9.991465475019309,7.352891082160507,9.200068777989943,12.437746013363286,8.009151451955733,10.371576781502128,7.272074070802979,5.615693258543717,7.53283853699051,11.264733689560476,12.571518989654923,9.763163150106429,10.462900157364903,10.939013620304257,11.010881964038171,9.273331846230997,10.731479393823154,8.386732051533171,8.007270164833587,9.422176597990138,9.644546646768362,8.524679442867988,11.15703239315436,11.176358606449456,11.40244196724533,10.173839485225107,10.03793053313334,12.282842990983,11.063964458367114,9.266720107698024,10.803525024537805,10.99232311780849,11.25965959667572,8.853657089460953,11.512307206345893,9.776565901059254,10.752166267084617,9.697763176889303,8.389048829596572,11.496071444866718
S094,13.658807105605156,12.351578320032221,9.896709174586457,11.730504983128323,11.133097512884614,9.421977003012069,10.935232764783343,8.953360975002074,10.99835606896739,9.480337561051762,7.751445842142343,9.546836086852029,7.538481181803819,11.497549557470606,8.231354634224434,10.207618799780512,10.9295776241724,11.3293798516179,8.693385522791747,11.396396812738832,10.769247936995786,8.955614511612904,9.13025969909665,10.667338104706346,11.16354824244309,9.225015982000944,8.111910691379403,11.338399618693343,7.5108059031450916,10.981136580177727,8.109104220876295,11.077773702251193,11.088109059942962,9.5713849952682,8.963553208326577,10.887400761366273,8.613763823538985,11.63537898701217,9.22420356322806,11.88602638070304,9.501973094891332,12.246259879498423,9.982400037967913,12.520422510062264,11.637599764607025,13.42308203308858,11.40529064265683,10.956655561101417,11.784634338367033,7.845811569742926,7.5938835725644775,8.946876471203737,8.72274957546629,9.975086459005874,10.0939265091774,6.60828931079711,11.591737435271211,9.844589222147661,10.121156205683713,10.283435298557066,10.639679595010492,10.115945222364445,9.660983054528378,11.093037542758866,9.860140083441992,7.847157491450217,8.849164609470632,7.359412921641851,10.784890165000244,9.53861923548498,9.15813857872032,8.487205293753794,9.649338856854849,9.414445350651544,11.856391483315898,9.97675018074656,12.127955111661162,10.608775353465889,9.99778513030325,10.992528518528264,10.302361384692794,7.74815961210142,9.109920261386973,7.959499077719656,8.667304701653213,10.61034472553593,10.415163452325805,8.243983537666347,6.37864971257318,6.8185251184834215,11.900870082687527,9.381822215194616,9.469761546278312,10.960519220976051,9.359336787998126,10.193066018072162,9.961658875468121,9.346757878412483,10.435680357229737,8.568511948646277
S095,8.355691559474538,12.660169399940662,9.809925484478283,10.565642022239816,10.996625928782304,10.51287534919884,9.611784420824542,8.466621449458504,8.766645695640072,9.073408561777642,10.809338889412647,6.335356762802321,8.467959229770853,8.554322842218216,13.101526515977966,11.326976663877275,11.659492540578565,10.241295192934063,9.574340968098683,10.21418239773231,12.231532637705547,8.811825895471097,8.950441920665469,9.166725028028516,11.383033798135289,11.208037177801057,10.021054186774794,9.949584195936819,10.685742725626419,8.576353315617444,9.253973076528112,9.826148873036582,10.881804390790322,9.611865725098903,9.026381078857442,13.232774168380836,9.295819452458044,12.767816406753331,8.912492146588306,9.57341103399236,8.380811386673582,9.756297068177105,8.125611743686754,10.230684226482566,11.327940895710471,12.392980506112629,9.532196879938478,7.893740407262689,10.438476917854846,11.621923823500879,7.595136254327475,8.422241222281556,10.32362888519502,10.995724537246133,9.040280568639488,7.896118419014892,12.187380054807404,10.935276468093909,11.986799766814341,9.060880896645266,8.85936851547065,10.395171657283834,10.973175424337185,8.682494154421928,7.988307843241743,9.22069782675602,10.956192413440586,11.816678277700637,8.31729428427464,9.702939175073041,9.139287200013909,10.111501151806431,10.952679607862102,10.033454204960877,8.93251597937297,8.785582004983727,9.080780861936702,10.696854799732687,8.182437526955496,8.197281821032696,9.135528256880404,10.073667213057414,13.447384222208871,9.405698779228848,9.081489993048093,8.404185415221843,12.173657906909385,9.416544163289979,10.318877190407338,10.97579499515268,11.70703770957393,7.314318402418235,9.085750545223512,10.151402527607907,10.007431514216258,12.150059622275137,11.99249600806465,10.501589949159708,9.7190894214355,10.716590049078468
S096,8.13073949109327,11.513800232540461,10.581626751727363,12.433199491222302,10.390123540304787,11.135964708832892,7.690836458193693,11.594149142891489,9.189364746917088,9.860180603526288,7.553124409448501,9.976493704718616,10.401872895957544,10.268701779585632,8.906365421558075,8.975234146713849,8.361208917710993,9.055856279669367,10.643755740868007,12.407662323680073,11.67727733720407,11.784736198082133,13.819837671651253,10.543465209086744,9.07666873064386,7.7119055953373845,8.025287536102118,10.852744633943342,8.404444360950396,9.222493014940909,11.987876343512472,8.720930898993963,8.876120718220823,8.045959775864324,10.348603863525442,11.231968719852807,12.462032964934334,9.218054661290324,8.632936337969872,8.451427863680612,8.077239574882272,9.39470895274751,8.645792667409111,11.806223374696847,10.347056637865807,11.416009579198791,8.137530192665098,10.77272573355907,11.243728632724707,10.23851065025121,12.115767984149263,9.874545662537225,7.8841555651987925,11.2572610791888,9.089274210720479,8.754352773984383,11.632965972973999,9.06588786526742,6.34313239036382,10.39148340142079,10.230049151335797,8.2117740332483,9.82398174314455,10.02571964591038,12.89651263396396,8.35689569472599,7.971128011372679,8.346822781621327,9.538851201660236,9.662422226082484,10.289641862999837,9.686599858364787,12.959217487108825,7.743118232480171,7.839566126370406,6.547215319417523,9.768834024512918,8.596057832721375,9.868085000334249,10.872252379846188,13.883958714892913,9.256490522573698,9.312074702143567,9.81617240167685,11.51937195261248,10.961601474004759,11.060858252351222,11.53377960160359,10.669537985331218,9.465415004541569,11.363282064806045,9.066925716508827,10.692900089929786,12.822071681599773,7.525017116891378,10.580757618427919,8.033099320670644,8.862295078447842,9.758638735420341,10.56285493081701
S097,10.44271944283155,13.978400014799352,10.723586790927301,7.6327007036723,10.576183835613902,10.583248636889294,11.065523917021467,10.400534478307005,9.369565108355314,10.529009422676232,10.659356184379162,10.0963618371149,9.72171692235493,9.466899919944423,10.467566859110548,10.636431147283865,11.689768085259377,9.287345000785566,12.780205239521528,9.012616996206138,8.946072111608956,9.955755433988163,11.536121556965258,8.378314037307765,9.169391735499376,8.43199972953117,6.201094051519725,9.665770215464802,10.584065483056435,10.634751026076838,9.76824662861383,12.082433753378073,9.517615527287475,7.654216872068721,10.211462402991994,9.897429019277329,10.869244272253436,10.29573168863554,12.73057455222915,8.540046461463927,13.68367323110514,8.326666938996976,12.781807594191198,12.325859498633635,7.8447547405235705,8.371568661059003,10.598507462804381,12.797545481347342,8.596272424317533,10.155511041684312,13.439444650748474,12.574907845773161,9.094334991455066,10.735235516701426,7.860324567089869,8.631985517936862,8.75002273095884,9.237953460426006,10.352347926776227,8.46140474391375,12.234706346062627,8.64546239115742,10.158743622424193,8.376596832048689,9.412549585379598,9.339292159789824,10.141220192794691,9.513156882787664,10.253549930081329,10.841292951880613,11.161977050662347,9.433654046871457,13.525259592591903,9.132311947432846,9.590256095852874,10.175478955859532,11.727719450924395,11.23440499643469,13.461139025801113,9.0755333271329,10.524354064883969,10.584848646595693,13.125362622747504,11.140143142801659,10.28154961426441,11.504212948757246,12.058423717088596,10.142304441784455,12.24685922891401,9.456085564740254,12.622750791999387,11.89530299593461,12.486639892826943,9.598472381374826,11.670170509177069,4.028516029604566,9.658037339639534,7.454326001398808,9.176646550784008,10.052438866436708
S098,8.945491053507707,10.914167369734159,8.665159539505124,9.50949750496791,8.024078540187995,11.31196138276365,9.689922973202904,7.4799094613869155,10.723464470851983,11.064358156281228,11.468323274780788,7.248446123889645,9.2543904425596,13.54929403772686,8.829647734943338,9.367048027770045,11.02999692881675,10.712459779137179,9.13457132817089,10.145223023590775,9.540648174907716,10.3144723211333,8.544431268579673,8.864642402404693,10.477067454906683,10.12051712289345,10.523172092033956,9.896530595612134,9.607430351166217,9.205800835480147,7.831416378911279,9.212655370999972,11.061571996179607,9.38271555235606,9.510650655855635,11.364229935676235,10.990143566183104,8.552878867017261,12.708073566538959,7.999489366153787,11.603466050622632,8.574014244885204,9.853265465734344,8.7727252324821,9.102602537814196,9.939608596139106,9.133858454681217,13.346182454635295,11.385484357787808,10.661706143059689,11.337925138803836,10.805606739148386,12.081953091007577,10.854548736318552,8.750957141312293,11.559982930281565,8.122985400356745,8.48108176212485,9.97685481577793,11.088517986664542,11.880166011388766,10.655369215319375,11.486137241870889,8.987985047929982,9.738082134046428,8.960418565350382,8.934835447443994,8.638755558422115,12.676383842199032,8.623552143152512,9.844136723973019,9.24070396751747,10.579380312347785,9.92394655186179,9.072911004881103,11.086419539262023,10.449297035465548,11.943168860758876,9.222927304417233,9.572061984403987,9.431666246733187,9.473571655231844,8.77588690765055,11.45099379575348,10.701432098983371,9.935788105261969,12.444131339352197,7.312069746973066,8.739214948609881,11.417407092678399,8.993477387385067,10.80838931611677,8.769219772960769,11.193052749434509,8.52554607155597,11.962748677141429,7.525910002035998,10.539411987172357,11.332729010478896,9.591796147849092
S099,11.22063528175017,8.881942273312708,9.265686971084504,9.329893957593073,9.220766191867396,6.508099013064092,12.269003907959569,8.529030891592413,7.165536582936406,12.849911117774193,9.181860505300735,8.507722029294264,8.700606102907752,11.424692455612607,11.858089035208641,12.264494820892441,9.966724034641594,11.854390936014655,7.962187595011918,12.193843780763586,10.02688527997939,10.976157390431359,10.355876399650057,9.306200837061064,10.836537157666687,9.820082238393349,8.1597010208096,9.535636369879485,9.149303321539273,11.612885684702352,12.42581277892889,7.168094114436518,9.986111096716868,9.772012351055269,10.576633693019506,8.137239752834306,11.518795287991544,9.483737680879244,10.182111769085575,10.110544862489053,11.391920613214019,9.308199085872522,10.18031054718459,9.575901474081236,10.372950379530113,8.769689678704275,7.984527347681782,9.986731884019681,8.348893238340391,11.553246141305813,10.832543492448044,12.46120723455608,9.438261492217471,10.365820199613161,11.138262629008189,10.281655035682974,11.294079799961217,9.490800807423811,9.741518732148734,13.00885312127167,9.903463626290474,10.955428677145449,7.551722020628123,10.608920133526556,11.000749758938541,9.962348894327212,11.16351335873509,8.77993309792944,9.926271467466274,11.001848016998304,11.068518050408768,11.164623694719783,13.315824017948337,11.642043457107699,12.752797505746738,10.67142936269093,9.247000490172445,10.13805058616969,9.070474613570148,10.007806954697111,6.986564237383866,8.257349357527625,7.973861233551396,10.048876224996537,11.132966917444218,7.292761495545108,9.6773268256344,9.858782110788193,11.31013575531586,10.031215864551623,11.275922775011477,9.734926981338539,11.163630337671561,11.765773264882942,11.246831625980711,10.035690262285966,11.649966457290747,9.291179462085164,10.70514744341661,10.550019486573921
S100,11.18560304044076,10.15767910679997,9.40663859688664,9.413720730989665,8.67749882535221,12.299225523929131,10.058841981394611,5.891965350180817,12.274544113033723,8.884374988456514,11.6292245615571,10.443944870925101,11.815021357232816,11.155949549722722,11.437986247064297,11.670739609951758,10.321097144009421,8.878298288679568,9.013288768119224,12.456946895694486,11.076566199817478,9.595088896763755,12.37723402280407,9.172164271054077,8.162419490427899,9.76923474707421,10.803019425061283,11.290630658882094,10.077740329384884,9.929045831180437,11.565321308559454,9.343677046542926,9.834551226320189,9.190330760010859,12.44106968407637,8.923901690373343,11.15903272019214,8.51553932679943,12.101125823395483,9.210657195363098,10.063942283273182,7.445823794663387,7.792213782015319,9.997635029367446,10.066459328692764,9.833161955704242,9.90266416032159,9.292416862994852,9.200698624026607,9.447430819578608,11.42380879064064,9.643763420389455,10.344622211240495,10.595925027772827,10.91011891110372,10.29053239919751,11.937374019013276,9.320066815607277,10.17742739051705,8.785270468348521,11.217636870727432,11.088092567081247,10.091517526586637,12.903366875809194,10.305643471592397,11.553967839272135,9.949498518972588,8.999129906488132,6.944233195223109,12.66691853213738,10.756705700987597,9.625667030192687,10.443656335691015,6.880348582837444,11.521147293631987,11.511838779969633,12.120239498070424,10.716097166378368,10.714194042863022,9.284583290886003,8.681393832218731,12.293568732412064,9.22728810831135,10.941068160295453,8.197425271825708,11.196883633161258,12.274208785342857,9.094008672923314,6.31507644502104,8.957931396933933,9.968106981846116,11.907640754740111,10.743168296221063,10.234975981537545,9.876510393987532,10.860314267215776,10.580667972393197,8.047036277630275,11.673812738433915,10.458107460917214
S101,10.882385594509595,12.181423564520411,8.425200246078735,11.603642632097433,11.862155378334348,8.988085610244045,10.067515488852127,10.814853876658159,9.500395835244047,9.605923765435142,8.367543173254806,11.341446728009625,10.729544592220527,5.754815278003211,9.577241725033348,10.100908521289117,11.417662141097766,8.04657129414575,10.679486029681257,9.518094435102961,12.303399236033325,11.774481147534113,8.326183673221191,11.300863834371878,9.341869967567535,13.42214240052174,11.157579339365983,11.81196565451269,10.432204871539447,10.59120631245876,11.483955311985142,11.880850684159622,7.640626398255364,9.885033956262923,10.404328560296015,10.037468281963166,9.076055281830147,6.066480786797786,9.86358644110073,11.0735915824215,11.632254345410699,8.582530850644314,12.19918760460634,10.958273841605303,7.797085345254343,7.665665695907631,9.834267326866986,11.369606137771754,9.503807433374861,10.00724378716392,12.303709890003065,7.863252344707745,8.170526502884705,11.464252933467979,9.401265074297513,8.754810896049873,9.801393947260458,12.478342851325245,10.718078649171751,8.683594816243065,9.674390832310472,11.234569821668309,11.028914434022838,10.27384588612127,8.10530038941561,6.739207549260291,9.425358389827766,6.931471865601277,8.684225991036437,9.97615225835775,9.315024801879693,10.72825914748076,10.972662331780073,8.649491203112298,8.801175260243676,11.182590342099608,9.605694252332484,8.645454661717459,7.2478987146347995,10.637394292902345,9.817866067299184,9.502952745684794,14.136974951190117,10.579206355069742,10.485215101016479,8.848535639731645,11.37944602211574,5.2025131469828745,8.703999075619889,9.213758698537568,10.797143917444059,10.3374288422207,9.364825782854993,9.998203801061504,10.649723288677233,7.985251447906192,11.457149305528317,7.954253876773787,8.994081741703987,8.387580346751704
S102,8.668197807968513,10.4305696412892,7.64923752556277,9.597766221282242,10.271918684991203,8.360555288364194,9.251464778280614,11.670141109961218,12.789222622405982,9.43465841094776,10.313997800647087,10.066171936698284,11.08668052842742,10.336033074238395,12.133197869102068,11.936453212553962,10.282393181534875,10.797858681648856,11.225682842945757,7.462285893930352,10.517939260314858,11.173467753739093,9.394819520606527,9.863917958635248,10.537802424453035,9.177721096388646,9.389198102104624,14.089520962418138,12.136899926509798,11.288181193363258,10.1675670376119,11.337703396727425,12.178328246117536,12.000198936233822,10.643064239333448,10.235434717816721,6.978686183806606,8.972158796905305,12.334333936926154,7.395766877876397,8.283829838486746,13.712726105223815,9.92744974813631,7.67391111827158,9.593165313102563,11.586614322111943,8.70757160022038,10.885733647532573,8.985439984210583,10.060161374046448,7.350555601724292,10.30159946862231,10.509932724637858,11.273589347870853,9.645181433331237,9.784582066403454,7.512979889791246,10.015841576925293,10.786848898438167,13.914166021232221,11.597162539245108,12.702347550056393,8.367001388285908,8.128971643975996,11.38670972926662,8.390989982206175,10.5542457081193,10.676292435526813,9.619781184868332,7.4075957208797325,9.546636459098787,12.082300650829565,9.752191160470886,8.662859296749529,11.417344135049404,8.413774895076285,8.844192078036905,9.949051408561612,10.18649449343433,7.504222852770074,8.728845012709257,10.233179827371066,9.147345765975473,10.390468557641611,9.200123662331764,10.197535135555574,8.87078488038134,9.062406975339044,11.304065576863685,8.855012549724025,9.900699188864806,11.136299750144643,6.842775769671374,10.474576824980236,7.657615299063195,11.306468494216302,10.356996824067117,10.062722882367982,8.734627542969632,7.628581110751555
S103,8.209379664511202,9.050614870468236,11.741933428253963,8.652034698001684,10.469548215408807,10.16074528202234,9.52287179186517,8.895958799376613,11.837306455900713,11.674651955709145,10.246209199545602,9.870559035747329,8.717103406513182,9.720273172422147,12.266430628774609,11.098423958357722,9.764507566937468,9.407072212033258,11.011226425866582,8.885820159859957,11.44964185923521,11.706485666511696,12.81489657464829,10.812057945752013,9.865957448868299,9.676968157452386,9.73341013109072,11.182740582130656,8.013678467934149,7.3990772472430635,8.04171052599793,10.1237340588249,8.64012795983944,12.027890923995312,8.302550586332941,9.837471874147642,8.795346754828929,9.241647296327013,10.050076950626915,8.758814797316614,9.159785030527889,10.099720997150474,8.563303423421402,8.926836797962293,10.78639662848692,7.991086065184606,7.266873268790878,8.573994378221004,12.164942817043006,9.292031645492203,14.700757010410486,12.068237986892798,8.243356466373339,10.439289403508743,7.517470245377946,9.355614608551923,10.1616226646419,11.290680144669018,9.966587779151673,11.258517031300565,10.134509513410055,10.431224566978782,8.168154303620442,10.41626371234483,8.639225358335493,8.32949122489605,11.157881237011072,8.720476562320439,8.598418654653571,11.526004264267124,9.919113795360262,10.339175422008266,10.31914876828314,8.953166395059577,10.472419548411349,10.042054034188933,11.96630559329953,11.51965221693946,9.871143713376988,7.456619643533974,8.689432340503219,12.369842451298794,11.387270619619867,12.318193609981847,11.868338297032809,8.642505757639015,10.887269840493685,8.196594733208741,12.31436145362371,8.809331697584087,10.882969123439713,10.427225000921196,9.045044140720485,9.872219026593077,11.498450609814377,9.664055771917159,9.27930636501087,9.025415626234429,12.180889557812744,10.362683576343837
S104,8.614519738626488,10.703543813678651,7.890694083703138,10.838368711749089,8.829288127289495,12.356239749748195,7.919178214068749,11.227751539914546,10.120190908295934,10.537794008834474,11.409385489130214,8.371582995603744,6.89355818993464,10.104688743229344,12.40031050611103,9.451483707336484,10.175236826735539,6.969007124092048,9.736891184734976,11.399504061261206,11.53214931684214,11.244730655417024,10.811339936840172,11.014364587807892,9.105480295391008,10.095954978728066,9.860193134832254,12.01707194259985,11.824649895405102,11.685625561829623,9.093316404948872,12.379953733240955,10.235653095016257,10.710742667453983,10.948783327765955,9.185572506493616,11.39643515230374,10.722847814569572,10.837122887987903,9.062366499782623,10.616593513858273,8.163317265649972,9.27883711227376,10.349774489044309,12.190671889143053,11.01038377172652,8.743100619214093,11.514716587651574,9.146360845243985,10.061910151574661,9.46686171341188,9.311970393093528,9.414774196270697,9.840117525890088,8.609467758302458,9.285373461173927,8.72999732895809,8.653972140530232,11.098656469877575,8.828561121155765,9.501699893863798,9.12899262978919,10.408187701565627,10.427819478282016,11.04834810291662,10.21300257470618,9.310254584469789,11.484188100969964,7.3207679084277935,8.645131512579102,9.45586850405503,9.906324779782134,10.050190700938998,8.940873123274665,11.618410111598022,9.37240569238983,9.59170925664792,9.92112561134978,8.240872627896772,6.173929351019372,11.09445501253557,9.620338669449815,11.850570696379037,11.514141256194408,10.934416248215255,8.83758634747761,10.381692082515753,6.555527288156924,10.679756435564087,8.035017360034608,12.345866517091185,10.87261118142385,10.0592370287789,8.181113102286679,10.048657262650872,9.54498048535166,9.57018167784442,8.33612101170721,9.261204532979235,10.180165914052278
S105,9.290958971802024,10.365567073910375,12.5615156439927,12.556127938083879,9.94856192247144,8.683122617326406,10.041665175907783,7.828130893807484,9.935546312532178,8.888028679231667,10.250114917438562,9.606004229110383,9.231454667171363,9.667696677628427,8.526359450145973,11.022448658893678,10.731554494315708,8.787267239898153,8.211859693126131,8.756212865937538,7.058798104976908,13.06033114655703,11.222845650084304,9.339999643536071,10.441422994927708,12.391533554517672,10.603939770732913,12.267585077394452,8.155060840384872,8.419668613831123,12.380480745308885,8.517694102791289,8.643681765241762,10.899777293138449,7.939609626701284,9.641190627565857,10.066040289630847,10.46189500644918,8.963097117476586,12.40053746630809,9.572053717900097,8.972862495687657,10.05461653768142,10.073364214686833,10.037932349506141,11.274293976133448,12.075961282206789,10.35590035767116,7.585198929459404,10.256741056618084,8.223202553501345,9.537331653893489,6.7656190719804385,11.04133246318032,10.036483579565093,11.98902224106664,11.195089623551798,10.09665153241539,10.48838161055466,11.749821506570605,11.390117177499407,14.341221142286203,9.087063564016217,11.647658824703374,12.55163444368262,10.878636134928652,11.36011479864538,11.509947348980589,9.614301687226408,8.84417773085642,8.671135238188977,6.125617871335669,10.77891376623047,10.225131004693024,11.684195023568375,12.101142685927556,11.196420442477931,8.375921897314809,10.249481974499792,10.35999605861424,9.300543618520098,10.272106525110775,12.215831642398502,11.418450764123445,10.777992624370892,9.856224796654919,12.493052805937605,9.896630771280673,10.24301392950872,10.85332612290396,13.02737020675545,9.267590633271361,9.747289053501142,11.655036593486734,11.949817979937427,12.650888908048618,9.934317998749078,8.26451054947319,10.726979978476427,9.592610318484814
S106,6.969916938878159,12.313949144647147,7.5598503818623,11.48339570858589,12.333973757207666,8.165162531004206,9.89038723585255,9.81803099669967,11.203111783447085,10.474376156630433,10.154868330243824,10.323648635520389,10.384283544325498,12.654042470027559,10.494968307042004,10.178175567459462,9.864576686944929,9.559851831068455,6.3922454724710445,12.047442770479156,7.464128370951041,10.014480341065495,10.365957944083435,11.39631781047586,9.516638051559,11.732142126197665,11.471655129072392,9.05434334387075,13.580873614271066,10.513083793938751,8.57173032365102,9.515114494426266,12.179784006952396,11.408098824601907,10.769125893564455,12.050089125572331,8.389412800050968,11.75360136735975,10.669316506714589,10.298466008605379,8.81877545753521,9.250842378899593,11.318852175853362,11.629445788057408,12.427135823418428,8.239013027649777,10.355630026677323,6.797248807492867,7.254647307550303,7.931344411926876,10.29505521212148,8.098931246465199,7.317025973362965,6.1111734551461305,10.114812319343695,8.867553774691588,10.26184128893731,9.715664443605242,10.657514280986776,9.182448701615554,9.648146820121145,9.130296137228108,11.443499989173896,8.082246838494234,9.28159329844429,8.354776969183021,7.261680917692282,12.902787442525373,11.561932319820333,11.644135732504925,9.96978334304067,11.607833247047028,12.820232710002346,9.678770775161954,7.02497953701552,9.702646828581493,9.123535696147911,12.17172437017599,9.650406524382415,10.557810365321968,8.831724397831312,10.450763159514366,8.241746968498653,11.085034669125795,7.245217014483832,6.99919384105068,11.555239510679494,12.451115618014526,11.120385495597983,10.889422586485301,12.647904472811291,9.315908331677615,8.280167250198943,10.79981156828727,11.338341271585294,8.965455675811993,6.420101794929814,10.638788463763428,9.578069862255616,9.560628959456487
S107,12.447065224823708,12.16101959023884,7.918031071159484,10.877522244343552,12.173871484177539,9.670620494326691,8.617599302703042,8.23416205164377,13.249247924238192,9.113117183326313,11.0382505239559,9.24405388464907,8.134487616832683,8.488105898826475,7.89855768059921,8.362087646594428,11.608232518197395,9.533837483718772,12.107760063568676,11.46284623234097,11.001106991764306,8.342484203886588,10.623267082127992,13.045604997945855,7.571559662172939,8.905525449768714,7.847533387173133,12.719888816168247,7.902180665288761,11.675165339851377,12.012654452527059,11.757104411107779,10.519469085164719,9.66830887294337,9.766824482652254,8.977406203713667,10.084701790191469,7.746954325267889,9.815696816121678,10.465900185615798,10.387085134233581,11.686327292292976,6.719361249324301,9.724839325245625,10.103940016704833,11.099744542395914,9.890366124833298,14.000247342204421,11.2375414459451,9.188269883105155,7.721928923994246,10.995914694329834,10.855815212635546,9.256757877716556,8.770054110264972,10.77843623551773,9.49493466734883,9.78153260616055,9.824977057573083,10.31947964676535,10.61976005351956,8.220207252244657,7.837846331247505,9.142842940731025,10.140503285059408,8.810637110657598,9.19082426762707,8.600833999795785,9.43238132204218,10.493957506323223,10.67365242135631,10.312930621015889,8.948935677893676,12.018868520294669,9.091275484354984,8.335869512252813,9.600325888540336,9.286029847198469,11.709476999315363,9.156769577135876,12.686562104074845,10.08314170704682,7.295464613343779,10.155956243695337,9.920216264462873,10.582935283534736,10.062118841013937,11.27061112482421,8.386607737226889,9.375152290901763,8.671109593603147,10.13432948506888,8.1824551867867,10.322546890131914,8.599712566373405,11.016931640644158,8.474677010152751,9.461234590454351,12.24807340404358,11.139757018107526
S108,10.771679482297621,10.629808510705738,8.624005770867976,10.662914100243308,9.88849935597135,9.82799665027585,6.577903992716163,10.169846657700313,8.439266558946656,11.166140555393117,8.080844765755117,12.567842236828032,10.027930074548632,12.741004364464835,10.086121716717917,9.621108923590175,8.584991725154802,8.833359506527565,10.888787052133509,11.813176979916376,9.991157783665072,13.462596758727955,10.971696308938713,8.662120141967891,9.106272437948553,11.471150477571912,10.8109380104721,10.526281862033128,11.140225217457008,13.085161089987167,12.295445626311325,12.372611446510618,10.451370651895099,10.817750640700988,9.769962942644646,8.459374191494827,9.269289249238915,12.750149670824126,12.229534963501525,12.917545984708308,9.376143289090065,12.237347576057969,9.480830861326663,9.750471415145574,14.257724369475373,8.424252969401543,9.602166085709733,8.43792760797221,9.55727025216819,9.235159978977787,12.008058678080952,9.983218346978429,11.29325257410353,8.70556940394827,8.38623024914317,8.954354595234497,12.083449363294053,12.579831005327046,8.245498028548724,12.075226899946164,9.298216625039634,9.899661911759209,10.953457273767496,8.268975430868178,5.750464745448497,9.555874907850697,9.979420670416406,14.312534373668026,10.976588849129966,8.913391328158488,8.06595646559142,8.224917642527018,9.815817123229255,9.281884592128103,11.238079884506806,8.498569140477331,9.761522942437935,12.82830975362415,8.602625198351502,8.151534640791208,11.150556730432578,9.661216314601818,10.826302419972027,11.711842824779481,8.972545435560955,8.030661746337797,11.505945616332545,7.134307461782501,11.334180091374236,9.973849772868588,11.561596786546703,10.343052104282199,10.18363243472504,8.429678611380584,12.02888025332349,8.326501042001771,9.238034187795979,8.996496307704511,10.73928625291163,11.592335732505903
S109,9.132555051449655,8.5246970204738,8.969813932950462,7.805094087585877,8.87627666568532,7.823677422591873,10.918062000839152,9.15382361421591,10.033081688431364,6.405863782164693,11.73553450014566,11.442910636513174,13.170348866080106,9.090193953216794,12.278035648948595,6.573687866380588,10.965502657512243,11.189472761749514,9.902739894174024,7.533377337986469,9.182016359542665,10.77276127947231,10.016805193793177,12.29249165885943,9.386391138426937,9.793474085368425,11.15000860697499,7.337959500307382,12.666805469437715,12.188461300506308,13.130973818212821,9.126994271894258,7.400143806807403,11.922854332997373,10.123614380774995,9.060564700970144,11.925060634941078,9.900796444581172,14.580803543213266,8.743071216635835,9.364963503245695,9.219115149249879,8.961965741380702,8.573175860464946,8.614989790704891,10.776707928393794,10.907309893804852,9.433330664489027,10.105248061202678,10.79763942350268,9.532888143915052,9.851383839750616,10.41618096799484,11.221436605168286,10.893119953520218,11.074541275515392,8.041783695550215,10.76791458374663,9.343201266140941,10.799606401307388,12.164117763055831,7.43508980063892,10.420650525807686,9.565580254313971,10.896012977860572,8.634844378328165,10.268952125755686,9.70216841869031,10.259851921425529,10.960407530208927,12.051428826602965,10.257617949313934,9.393168466126694,8.528969822498654,8.583920450712254,9.18647117576551,3.774235104627289,8.343547892859945,11.32352338391828,9.079241287672518,8.35084505920243,11.333514474907721,7.774124995925339,13.293872793338366,9.749320199592564,9.669911613608486,11.080233785073654,12.955962517677943,8.636461654866256,9.157574551240401,10.738817680028115,9.850675878174108,8.813947643247527,7.968162668908245,9.796825660435088,12.025848207785113,10.365044304429729,12.056408375170955,10.306134442604925,9.788873023054789
S110,10.758318634794165,10.589923122215474,9.847093306574385,12.609905400433275,8.902244293445731,7.740459591021889,10.944101997364838,7.740527373342348,8.386537285060873,10.634331939663095,10.02595446124961,11.006537001324267,9.206786564570471,10.213074554320869,7.690584517069019,11.200668585671567,11.574815391668176,10.720138283369447,11.341499390197761,10.845961230389536,9.491278432805839,8.925391918634231,10.19058850883632,10.257136493592373,11.9479669150319,10.207843228963771,8.277975654119833,8.243821828524979,12.532950599452665,8.686931568675377,11.02740066554345,10.115028963752128,10.347070407174616,11.837490779441882,8.975973962585053,9.236409636892962,9.624498748285722,13.934160091157072,10.52911103686201,10.141896606449404,8.112474812205512,10.167096355325976,6.243537825073867,9.63169978632014,10.20148494355346,9.801803895070417,8.626302690353393,10.276164376031808,11.715555783266673,9.474562884840372,11.18055684079676,12.199324733772386,11.210515518296571,8.951121297054517,12.059481027430598,11.258353926552553,6.522980973038454,12.135492760982263,9.575728194020575,10.763289121215342,10.92735973531903,10.075381484533455,11.52616693127407,12.074052890634169,9.6454868150643,10.430064923716053,8.310250167843627,8.502295602453257,9.566549769790878,10.672769797182953,11.02384903484127,10.295614000572487,9.414207789824971,9.890667133193803,8.85937740313521,10.173961413966929,10.09521216555863,9.571039213184898,10.771875288979725,12.82665580256413,11.033729228383848,7.376881241731509,10.881223051867247,10.673182895911555,11.964730504971591,11.165101296746652,10.487074790948304,9.439626798862486,7.927465305922473,9.773327114925813,9.558481141836811,9.870802534324925,9.043181691376246,10.708193096426744,9.653424043739678,10.41176619500048,9.045452195534342,10.017801976041529,9.269491090688064,7.950817276646353
S111,11.168366143820627,9.336874184612201,10.389414827282971,11.40940251792747,8.686345876781143,8.290430285719808,10.17133694750775,10.643647081839736,8.918275594525417,9.25349660574404,11.615864521597219,10.716238653599317,8.096517142232962,9.884871730431856,8.155726962420772,9.107738095936382,12.665074631673871,10.138690799826634,8.252337738870521,8.877434215885586,8.23573316195005,11.595040618303344,9.745829602268609,10.806176544655877,8.489116231335101,10.113380755352546,9.501677909062249,9.641899409744958,8.671158625614911,13.111012992031732,9.234734199034882,10.9537699838933,11.872115370461387,9.359757728448715,7.943068044361338,9.357620799332983,9.299080836820892,9.150254082726825,9.10275955445195,8.817006040688225,10.385606772779413,8.411179173751947,9.816528738012739,10.832175881944247,9.698315189117345,12.373817542024526,9.934730370708081,9.735709889404653,11.553999913545265,10.444273680667083,8.818572364021882,10.235812890546878,8.707258717658732,9.474146071049006,8.87380034383824,10.163268355877053,9.256903042688482,10.047426694997489,12.014973244662727,8.405829593219071,11.768886118635756,10.659002338578194,10.6050884861618,10.752192137642009,10.87944438593631,10.551564382239913,7.532394750768482,9.653469151420738,9.19519233363118,8.989082958065408,7.756823234360901,8.552198011851372,10.830918601992966,5.809013660344971,7.0958600479824465,11.20634694640346,7.921763183022669,8.199528142242317,9.959083621394308,11.090171905056636,10.558800814127803,11.04696010912976,9.825486205411119,11.461042195266199,8.4206105403667,9.28392914671761,9.47479743385466,9.100044377229557,10.630135546897147,9.609881604761437,10.677460989171655,9.184063816236065,10.958879552284179,9.606941719929411,12.160110359943541,12.037668511098904,10.637237112462719,10.243374290033795,10.13242276765826,11.07961227547058
S112,9.778464346500577,12.11626590388135,7.274132469805833,10.562008013855683,11.35531153698016,9.68921061204301,11.011160714237224,8.526234969768623,8.876495416191675,12.37861604077354,9.324552724911186,10.316895182804027,9.539384465949421,10.21800003476365,9.344847507168163,7.5101210519632975,6.434287512340196,7.781588974046123,6.93043237987899,7.52252330015581,9.799876118131897,11.856655683844387,11.210365932358616,8.691906238304961,8.622554291685121,10.39111965367474,10.342779143411597,11.92424292952833,9.42630419130782,8.389535506961902,10.125443557841264,10.272940954234516,12.096441030343401,11.629257366293595,12.968778230178568,8.402910994562792,12.725968293452933,9.175991954652112,8.640470032148231,8.140141588971609,10.16480889612129,9.408637520125822,10.657432583407813,12.718559048917681,8.940187784485824,10.896390680014457,11.177516198624884,12.245558008948644,7.88463251912076,8.633967195483379,12.100627858703225,8.9671865789796,11.019376089452548,8.46971635636266,8.07212483228545,7.074194482395929,10.606869760681043,10.227641552579003,9.072678188038786,7.174886588364112,11.677640469242286,9.494140203397194,9.362352050297464,10.624965612734,6.71997139643932,9.140244224091582,10.581822422669909,9.078101737889243,9.661761611184664,9.046014842273143,10.079685774181307,9.40088687625429,10.828770039850964,14.1747898590289,10.785923575255286,12.011119933632026,8.283175251650164,9.945511984932509,11.612057035218069,8.23448343450851,9.986151315060168,10.420485083719845,9.919008580145102,11.00820800063639,10.692608905250971,8.925964465043222,9.776580287772491,11.519141514916816,9.412275381443024,7.547270134310073,10.296861952545663,14.241544184326381,10.360810864960781,10.115884218288976,10.344264289295213,8.679855737450335,11.610420991581613,8.800672192155313,12.00217788836201,10.9990601187685
S113,9.719168244384317,9.1718321406753,9.67463645807385,11.308522002090509,10.309833996702068,9.632273236615672,11.553392706629559,10.546649550860565,8.901557717707762,11.594879079720597,10.102245472585668,8.692592471660452,8.63241224699978,9.937840701516519,10.209690843280839,10.088893267341975,7.866709659652058,11.551502477139776,11.104630725940378,7.300065691630168,9.74865827642259,8.39400296539243,10.179013778430958,10.210180584477497,11.898274492989525,12.504718324754814,8.216533216712042,10.464265142840912,12.115863151028083,8.694877297777799,8.563704666105732,10.05026619122903,9.358334645209045,9.079931897695975,10.328710178812027,9.926586458656578,10.209847531525913,9.647712041121794,11.081178407920461,10.57344453460781,8.802704752301688,9.6919822501681,10.80952980558589,9.672346175709835,12.394240088618545,12.912864996105055,9.27935598380892,12.248545728891422,12.222602217628172,10.776235592777713,8.693633407467237,10.38596055341803,10.61186832604325,12.046365649579748,8.093435356601692,9.428494874829154,10.55915657987132,10.187172075947435,11.831854855451734,10.771132371954485,10.408287243190783,9.155103073661055,9.22226892969169,9.871580532441003,10.801506279753399,8.24054956854748,11.305356570481266,11.644443173416064,10.563833510791609,11.274822193927863,10.33900585141473,6.722831381629763,10.772331062503927,9.330501150515783,9.572870675152599,10.662054344439502,10.768170024446755,8.295031943543552,9.763422805502433,11.436528102406568,9.566381540878158,8.901399281563696,10.39739456791252,10.539893549471667,10.963078419856572,9.756587356565644,11.029138414118453,8.211627333044682,8.042573232982312,8.861135511797263,10.09315399783255,11.406984962162596,13.103198402921114,8.863658356351166,11.315589945441307,7.690554629139115,10.49528616377183,10.833452405601278,8.818345566249775,9.97228302148096
S114,9.41051096503638,10.01844427739209,8.732408964825023,11.515479933864468,8.719007825810328,10.26775025334546,11.458781552121689,12.896718471822663,11.097233504815332,10.23539535657636,9.175263781519835,10.117986503810338,9.977505066772505,9.864696178928066,9.90654782349952,13.638255081545303,7.838830214928982,12.085017744443611,10.706517170866764,11.894409077967339,10.2907730883883,10.92574756435562,8.366062194674466,10.03039014125482,8.81329300887281,9.18364885481802,9.54203949667318,8.095766818276525,10.642700732319419,8.505242261592745,9.269054385921738,8.756502234928902,9.587115789064674,11.305290148129156,9.128224589176066,8.528865868551378,9.338422086274834,9.736801257092155,8.991759267868346,9.736749407046094,9.027561028692888,10.014027693980305,9.797589326402704,10.52875803390084,9.952633926945744,6.390342241877274,8.031510361371083,8.253445092115971,10.104464611948552,11.896289561755847,9.230541951304765,8.297296145062827,11.058955927578934,11.023926586166338,6.696070317244064,9.781789743123195,10.783796694703657,11.556785375843845,11.297700184351113,8.776789604820335,9.506811199658529,12.184696925552606,11.720005615864967,8.825088084475661,8.194792587363988,10.886774664293325,10.985560890920341,10.376907640567694,9.018509418560665,10.748101266527943,9.162109972232948,9.480475113340038,7.3692075123848975,8.246457452269418,8.817871703454234,7.278169291599586,7.716012194884051,10.537060899527471,8.287829867420001,8.985002773906443,7.254996390601232,11.09922465819212,11.502504634099296,11.619711653324725,11.219468168581065,10.779235238364308,12.363442752642097,10.887460559614276,8.000752843742866,10.178742923371416,9.344071468381022,9.4001929330992,6.190898668480045,9.154263602834632,11.277704874020948,12.29769938204582,8.77044597320414,8.683264352239556,10.496900143928327,9.796637848629585
S115,14.304001143359955,11.426246520916223,12.186707099555063,10.66446478207311,10.333549973826797,9.305285165031583,11.386161957063123,10.318048790361255,10.477603901529156,9.353738059451207,9.473179425372042,7.343413722367261,9.518552401383298,8.727720507521974,10.050456126471886,10.730260183135702,10.861666236764423,8.654164079451519,8.385190880234802,12.939758502913758,8.920961697937384,11.160201865097038,9.97366395910501,13.142546862454648,10.274936692965591,9.585925581770239,8.275271496655067,9.443910733324525,9.573353869663901,9.178752490004424,9.873936233796035,10.655472287577853,9.22713844608463,9.38729933556928,10.877206103569039,10.754438221296384,12.12155250100828,10.613641642732539,11.48627643398981,10.409139733585627,8.137180502563702,7.373803276277591,8.82471179872482,12.281862783155162,9.534480829058587,7.9057899305757235,8.974830799577322,11.593799290365856,9.66052356635023,11.688927481663988,10.888723204924222,10.082393155648827,10.126504235551701,11.630955396747913,9.368706968614035,11.685295379392851,10.848734679543398,10.162965501685704,8.481884588801565,12.23051495616367,9.58026805373244,12.727898489050613,12.71295930504544,8.121381611998896,9.054414365943574,12.32849717177967,10.602896520761938,7.872069952737002,12.085194777505711,9.129684866902682,11.50217478264183,11.46667754891643,10.204251112607157,8.404203274092815,12.457881539789014,10.206051424430916,12.686600373533677,10.184096078451587,9.664316135218382,11.276378671364425,8.3784510743194,10.036121343353038,11.130742036022214,9.531598097188928,10.381122216400282,10.02896098908193,9.73520259909795,10.129495544045547,11.78735534309066,9.533316663269014,11.736775819294706,12.390601845159487,11.870896670357377,11.066404273807251,11.103544884824274,11.36217954724588,8.60056061142542,9.700115582638364,10.70104979896822,10.533056848637683
S116,9.497776150071621,11.556355636676708,8.43046856918611,12.083588336776193,12.0168213630338,11.000570817158652,9.489016437177728,9.215970642213817,11.383728468005602,9.790588067147628,6.751089655652777,14.154385508871936,11.970493279584755,6.601140338651423,6.604014158138356,8.423667563370735,7.427988703679512,9.766855845443722,8.361049010920597,9.295511669528732,8.651787471490284,12.333379234474894,10.436897720894953,11.080789698504631,9.845128310400785,8.99520894276346,8.940099628295801,9.734732820622432,11.840060261350503,9.943001106897565,12.450920375672634,9.317963059154696,11.633110478886714,7.65232154283321,12.152600079302413,8.10165546633737,7.7095460423152,11.8166070086524,11.518957733896622,9.28975222139859,9.11323171769941,9.450749950252185,8.079453692453512,8.82514884080514,9.724742955663283,10.932955518893547,9.269345080098216,10.952880101742428,10.196663506181588,8.107485903325562,11.163399929159144,11.104097461760198,9.33556917967767,10.611715462063865,10.233963572722852,10.15029656280405,9.907123728876716,11.648251520074275,12.811013559942273,10.556625525769872,11.909981931132187,9.2618335674964,12.0642415917659,10.61784522881962,9.889676929871062,8.755024589227244,9.006203921576656,9.5054620479984,10.827297115770666,9.834407541165676,10.166953463474348,9.202031302741005,11.58043318380621,10.738927659830132,11.876189017886812,10.712218813971889,11.282039633306198,8.86595124355107,10.455184793619011,11.3215436161317,11.293565655945006,9.443787359133442,8.587094204763865,7.458340746709299,10.33244482499271,8.196536194967166,9.971223869246922,7.766701661474298,8.587398689971224,9.542647849863897,10.480175197985831,11.196224178927357,11.78934034442781,10.44655949857794,11.945957360036937,7.917212445219985,9.310981184434791,10.219847027041174,10.331315038547398,10.525053835984826
S117,11.421403214467746,11.645164549573538,13.51316321348118,10.55886182068824,10.46066569600193,8.700112195897212,7.49592698109932,10.516832547137618,10.103328527762258,10.158973714790594,11.84973844524196,12.942874684576413,10.893572005469865,9.878207323696255,11.198703641267711,8.879955462218396,11.135326768763926,9.709464409408522,7.720008391980062,10.37397095893371,8.912430405351865,8.619489013233096,12.22666730705951,9.148586079735724,9.583382888401339,9.671406450004282,11.68705602626004,10.709782485250168,9.88418555301716,10.094249633649273,13.82393986649101,7.716622884107394,7.733528606122881,10.345202119395486,10.875499557443769,8.401414457262142,10.646958775648102,10.785647545270692,9.60511760338016,7.598138532991524,9.23160167509673,9.690468246554678,9.576298928259895,10.919433877883769,10.977280751958402,11.152637645596656,11.392280272329877,13.241039480375704,11.459347555175318,10.650401325903852,9.63997086662366,7.993185454138477,10.154309736014591,8.680822522586798,10.427892610976192,10.56602706726069,9.928326743231068,7.332352946000777,8.588849471322042,10.937260978520285,11.4761588622245,9.585142007371475,11.377709861282673,10.20431770218932,11.001684781901412,10.535105235441877,9.737749218702978,11.347300243901026,11.389750656167871,9.631454048340379,10.77309786711581,12.863069917851265,11.534270584547606,8.991375147328263,9.336392101733932,9.188578755437122,8.564785402956888,12.096543631514418,7.01512136807173,10.965470708504055,9.820857744307139,13.119635228486136,10.703755949224407,12.31349167613502,9.768589910896855,11.869633377021874,7.841855708629999,11.985274315733932,9.544784730903707,9.890802199578737,12.156675888098277,8.844735670261555,8.55375890766249,8.861697755681679,10.607341886705154,7.7240393343432405,12.0307068729115,13.629337068580679,9.637006661733617,9.642268793131109
S118,9.95919690485524,11.860398805392826,8.3857899704776,11.593449459064784,11.09039512674073,10.330424458265718,13.347557014946785,8.418178998228365,6.705522384358612,9.216378394286696,13.24922857670738,10.428803391999184,9.59502751428999,9.980432172981166,7.8966706994893405,9.94351342453003,10.74498131970992,9.940820658337639,8.854340566071581,9.219593957014057,8.727472718388498,10.045304538140968,11.230096949281371,12.285284611599526,9.8298798771107,12.591064342595239,10.959069878709409,9.94328767932464,12.530473454019592,8.576182438127681,9.741033559138067,7.0832644733417816,11.198657491593226,9.447461690333245,10.24620030570942,11.665272593156953,10.53745947442319,12.415814709619799,8.616604779135,9.596481052797367,9.800198467053033,8.854946880328919,6.461122352181578,10.385844343742011,11.708109372543687,10.544063201121752,9.124754998686347,8.483430447253967,8.715247029403908,12.674356006953886,11.079091108777112,10.612776550999289,8.663361488391415,10.973892217493448,11.910727704959596,11.996350329449433,8.311869150285037,10.74353201782636,8.935384951166654,9.742379490085435,10.032609101017155,13.242406624568495,11.679406407683262,8.915441576589785,11.509811923350522,12.506503708343953,9.304426786365752,9.06736875981692,10.28276711865986,10.660528594712659,8.83674807323939,10.021794428441375,9.098859224230686,8.886460816761122,11.99047976543987,7.569053813963922,10.312500487565243,10.465670752609668,9.603902508302788,9.982955179165558,12.43314956114148,11.072459513767825,12.4541429035338,11.470117502445987,11.201800197976786,11.587887046149275,7.061867938314906,9.421729304494317,9.392835636066055,11.786110380467099,12.11540877637334,8.738196238005411,8.159178617713456,10.142578238601283,8.091746299903207,9.536165139854383,9.111609838835317,10.189758145788955,8.941448860388324,11.76788028984491
S119,8.16700479724971,6.838631439516608,10.106743708982728,9.876649514491056,11.730568711582627,12.911876565583881,13.625745258646418,11.04728319354146,12.344031554886849,10.307283098551206,10.912522401534634,10.801764977207835,11.397864114296107,12.231918658678913,8.753035422937142,10.733585601514134,9.026853967131192,9.67244825350032,10.180420120942516,9.974169694425767,9.012550106821047,10.55876904212426,10.72992386241204,7.948626104544707,8.910288896350632,7.6659683894678645,10.081865623845628,8.909041193356412,10.479035848404253,8.748109489654478,7.96754876016273,8.41422023466101,9.734214200104159,11.563213815595034,13.675282843351212,12.597522059528767,11.072827630682916,12.73317403134837,9.549173717150705,8.632171893208977,10.277633901444602,9.789646623495367,12.397489713331641,10.351331937863314,8.180644136339343,9.795939676409795,8.399411756014775,8.954863583555372,8.238081501472138,11.301069667929802,10.970468659752244,8.387578827554028,10.468566994153962,9.175567597897404,9.09358609685273,9.609529468720856,6.457715126187404,11.95510481852847,10.956973242465516,7.691952845429044,7.349474597060759,11.854490085296666,11.690068628191327,6.753180478737573,7.937271548577124,10.581525166686147,7.317520467358191,9.777966561064789,8.544429753011515,10.355831147142553,9.481702586085422,11.833888064662496,10.913094209580521,10.171710869741268,11.004017387356281,11.596959361734385,9.069178909959849,8.70235176892476,9.390752092020996,9.0434860066641,6.450688933925319,8.57031360450374,11.677324607939855,9.395595020031276,9.335409593502916,11.195038856408797,8.985924168431628,10.931543914425804,11.177485862075745,8.15328393791817,10.794755092592334,9.940242348729736,9.580004449404358,10.59133783573926,8.623973503238867,8.027989439816055,9.156068801974985,8.45406644370025,10.623097295572345,10.947264037791527
S120,7.412374207056541,10.091067237651403,9.616877594630342,7.968630438113932,11.052433021065259,7.715516541194469,9.330602742663826,10.470410926870409,9.677104496805672,10.977409244132096,8.400719683972023,8.596789644714997,9.800326987991248,10.025558842474835,9.480649837215035,7.42970955975489,9.110176421709955,8.007312687000827,9.62413254548545,10.148948644636919,11.433861867176299,12.950831593323684,6.972731833016512,11.199453520843031,9.35325303334952,9.73867894802701,9.895309333963526,13.539120418916854,11.573780759878538,8.963555888613076,8.36077640615402,8.674632270717312,9.147447649657268,8.50576892971672,10.060338265883734,9.320842857907419,11.587094515022228,9.330114873090446,10.343256963057062,10.112917592090719,10.08544226108216,6.649162275377658,9.984606952477924,9.187498316410716,9.541375643428436,11.79914501331728,10.386797986729066,11.229038275897587,11.462390599322106,10.91107599729459,9.621981039096294,10.57794378503439,10.738494336209966,8.717903429560002,13.37906883927991,12.245201217335605,10.09532276319293,6.4264572548929015,8.91117925190492,11.741950368866148,10.134573343096445,9.21144934152843,10.037611269278155,8.770171552502953,10.362442902778662,11.02370249439537,11.008798712504163,8.324814268980997,9.983230274857146,14.360446580446412,11.625124177835024,9.896436231008455,7.465510631637407,7.1934446327993316,8.890122933533746,7.382347221527244,8.935207687771257,11.281645560581078,8.795288527104798,9.86520059164793,12.433870623440487,6.615811271925235,8.40444093353531,8.785690681988259,9.208424588031159,8.548778189953222,8.708558467406064,7.08874411961931,8.025904454028117,10.310804220478863,9.324889283097685,11.659836249100676,8.673855299636445,10.166368016204144,9.800685431225382,8.968013230786976,10.573048020487319,10.045233601567018,9.93010411490927,9.893843783228164
S121,8.632351542076966,10.456243959295792,9.650468569260187,10.541244342368033,9.99990132434517,11.434442272436705,9.347881772717534,9.235004483469782,9.831746172849906,12.901227691743998,7.389130009686454,10.35646609613315,9.71029994015379,11.468740482130176,10.816124478981484,7.770586361213931,10.504972820837862,9.930333116146246,10.112774059744178,11.311910952360751,8.536204688808901,8.080934335589873,12.652536035647461,8.016575625304379,8.285025599834865,8.388160768661999,8.64257722358104,13.56665632975018,10.900578680711599,6.624947734548579,10.85333072833374,9.9917859362803,9.967300668253577,8.148976635763551,11.899630238970964,9.42308432301586,9.907335107065393,10.328745797101924,9.558145487374993,12.66070668416859,13.062475811453234,9.436428412537632,10.38974813347457,10.085030763214293,14.291424660677876,7.678652120997722,8.601897992107665,12.120781066513109,7.5738459834838,10.453503585177677,10.488435392580808,13.008722831226368,9.52988918451036,7.4365296769870834,10.464101998037792,9.261447835855336,7.345746468396153,8.971596778671872,8.561657560823738,9.560100907223221,9.712754103751685,9.278562424868209,11.581992961710997,9.529258662356407,10.719608956491152,9.391359658053483,9.24973058657587,10.322863887651545,8.616963053613349,14.588509575246107,9.220615094832125,10.187495995466085,8.73788533949013,11.260685246011128,10.93158290018603,8.440488514047018,12.010911076511464,11.267290297206308,10.73976526818755,10.927836854465486,6.442517632665953,11.672229355519875,12.619955812135132,9.577731170985786,8.67454470867484,8.905576544365031,10.54572175783764,11.733791465039594,12.520312669851219,8.957392022882408,7.35517187823777,8.444670509002728,11.416795338748065,11.45914337389176,8.185565179378703,11.572121140490777,10.456336862753323,9.738848273635385,11.601417176986697,10.097409554737682
S122,10.804655050667357,8.08690009073148,7.77735293125305,9.934653470573288,9.237824305974923,9.280512084523311,9.163353896540624,9.43045294689449,11.577108479623103,8.478310280008396,8.059470581380857,9.784619975428265,11.88705256308495,9.78822489708825,10.163504411450399,8.32586490541954,11.748902864602652,8.894769171809568,7.856378604658431,9.508833085107975,11.589147440205902,10.148684978452824,10.36253224634206,8.897032488674354,9.800653533292481,12.259691521185276,11.201132851806706,9.444359847528434,9.530872896493522,11.587313651228104,7.757608324739868,11.501316577914801,11.382856333670714,9.390336825902326,9.484826402486089,10.60364273511394,10.715136584971262,10.478807760416853,8.538094261637234,9.083312996686477,9.626625205505608,10.595758776000793,7.3631312392234705,12.65003911926319,10.559703583170881,12.425118959142846,8.664317281571135,8.576547421704808,10.23888730025562,8.921688390898497,9.999755713984296,7.776961946471173,11.694453681218686,9.72455165173118,10.508564399849153,11.045176409090182,9.096720417656831,12.653170120054327,10.42784223396394,11.584934978916923,8.52368308719096,10.950023295368734,10.460768282798378,12.347373298386362,11.393954546559236,9.002294704153936,11.008811389461505,10.578742356984812,9.650995042379607,8.88587811778767,10.516826225673606,10.60842154065256,10.387866694870732,8.603928136853693,11.529096082306213,9.308178930951303,6.77343790084068,11.895077582300269,9.550691988941683,11.0876212504874,8.793700007627951,12.343882394791308,9.054001653616753,8.674639973374292,10.188922405770587,9.892901684261194,7.878011184801025,9.79650769088209,12.918737992370739,7.5714171219617885,11.9308194805325,11.377394586401211,9.185677403522071,7.442989125423309,11.35749289486564,10.864379419756684,9.883478681833395,11.372902063102917,10.390672326005651,8.56393087023331
S123,11.603989850164101,11.12546261264872,10.320935950240644,10.213861289039771,8.887486842983373,11.893020979420461,9.741284291301609,13.456860124854542,8.792401280849035,8.943806119005563,10.16000052263321,11.330286930234662,8.210166769986628,8.537518857432104,9.532490852677919,9.95907137523273,9.551449167664346,11.816534713899463,10.385871392293332,12.19611427852826,10.525409599877207,8.662377009461327,11.949348523152972,8.357094073148335,9.43760164625555,7.775286138606838,8.696688300981052,12.396139794590779,9.045165830028264,9.431695074417586,11.082648239456194,9.714025997407951,12.453372765583737,10.124583873382557,10.24224679182888,10.559221741775769,11.005440043541729,12.31408378915208,10.458573181128715,8.553167679408393,10.865272232340928,8.949254977184399,12.420320803334613,10.097700224390282,12.489083273005997,9.818316849817352,8.401884574250971,7.9430127206841625,9.236945530666658,12.398531135895187,11.275958186955581,8.578225159550328,9.666536956137321,9.10315761349676,9.318134750305683,10.925450102348801,10.715305881515665,10.308163949807858,8.73991729942715,10.875172137648795,12.509484774920526,8.45534331614923,9.761030366275563,13.0719629916436,12.517239290721779,9.914949003120661,9.48595700247916,10.210798089049872,10.612905887843938,9.475073200934128,10.353499446937143,12.688485135909337,6.238022290699126,11.490483903644176,11.374929090614488,11.0998597701062,11.39900890087035,9.323736895054772,7.492550479376428,12.59890710829365,7.417144881229159,11.678793675167487,8.09881742492053,11.497930527157234,9.676691070319414,8.791693963349772,9.70601761591976,10.020341632190867,7.562828635362097,6.6721878905355485,10.74888572890368,10.997726672604648,11.957780224436716,8.825300056044671,8.413946815509618,7.439465622571479,11.154620748549679,11.181108916236862,8.349899947873697,9.274339053653629
S124,9.537804888659032,6.8923846367809745,9.92538571546342,10.472950778831644,8.990365174118672,8.934986823590704,10.031220020397345,9.230162104054072,13.21603237245411,10.229107845642895,8.373065141119174,10.57181345844258,11.126028725972853,9.713853213547607,10.835569531657598,11.728794723285072,11.748422303473918,9.539405921791246,7.856285039956568,10.252197652799374,9.652721967086354,8.742563820261195,9.402215584511671,9.19001744571847,10.720538591521745,7.9560402098485525,12.181515279676944,11.18659842833928,7.817510379989752,9.308312783304888,13.465775978425885,9.239442583347186,6.2729397452067746,9.146906725097212,9.821136148897084,10.41189988266696,10.412855279391525,8.646445939852969,8.684259112725307,8.111237490903557,11.855612097051674,8.266379331570759,10.202464982302534,9.445473641040318,11.56391170462867,8.817461982080044,11.362050701230723,10.956087332074478,10.709618682555188,10.188401346977576,10.867251316021186,11.215698292991105,9.709369559367529,9.00311782433662,9.579852875981684,10.32086932725493,11.228869189098459,12.364739818152913,10.443615381163038,7.912314813429124,10.203611878078917,8.999505259491787,9.41594166408986,11.853684750286222,9.997498650762305,10.90702267941067,10.891076412076483,10.634002177918838,9.770721590431755,8.492677008389794,8.397823593851644,11.640002819308595,11.615306262402967,8.792052198341944,9.71836601971019,10.415426509462254,10.98489908700263,11.903148100270382,11.87543979606605,7.766509800080179,12.858867029323378,12.171164042795159,11.079674934131827,9.900527904226104,11.420330893306254,8.453845275700449,12.09634153825281,11.117040162263176,10.944939787554343,11.81370929994155,9.847498358702797,9.22591049574173,11.20196351106709,9.407873465068366,9.356341333153953,8.413135384477211,7.2283377250064005,7.740289689581935,13.670114466190135,6.616900152429975
S125,11.414131602271057,11.050791563176647,9.276819896174214,9.01949888873537,10.626283586637188,7.751279098254726,11.091193557388719,9.018215791718918,12.31751225245339,8.738084558499061,10.361507858276084,9.471117774158266,11.681158877508196,10.41489094685488,12.184057860074828,13.04214492590397,12.441486833638422,9.710632040091827,13.979543883348686,6.01826189352747,10.010290831535793,10.416162008917258,8.304561793688112,7.8774418873404155,10.129100133242334,9.602321261121872,10.57059203190983,9.138449637084832,10.763121014084044,9.672478294898553,11.599578476918477,11.10971428346074,9.595656710503231,10.157355479570098,8.774785505673034,9.346360770353952,9.693199921823341,7.990754304436392,10.337721043162128,10.070675854272356,9.862898634304173,10.135532290011982,6.58421431303549,9.432158718675602,8.195003675921516,14.57000093229988,9.738025915657136,9.250369189241196,9.072225640782982,13.478296426183626,9.1414976953631,12.100811647496277,11.596168975909993,10.542408987898325,10.850405699105092,10.541383586656123,8.372098910103338,10.664378048098593,9.151594163622708,12.322248303304345,12.54598365692768,10.085368841004435,9.456904840742341,8.985950051912404,10.52897247122739,11.865281037378542,11.492590087555069,9.137471851094421,9.190035918569597,10.153211319797617,10.461839368646329,9.660685133192935,11.74844045761391,9.917694652580767,7.3497782440784185,11.92006184809057,11.311589132028535,10.673375818015227,8.2550167998245,13.047029500166326,10.864483791334875,9.76717598566719,10.063105679482659,10.982513475691933,10.87978098752492,8.419114755650872,12.049292952829218,10.807272169937479,12.12890764738674,11.01896074760677,8.131283931771488,9.26514288699095,8.117253319488254,9.766624197195542,8.982665122434804,8.818217064460326,10.342795863267261,11.971954484224621,12.60923133277733,8.735300212654048
S126,8.630135551825822,8.067057217664985,11.553414804818361,6.9603030321788575,10.628215930041486,9.54352683028876,10.20429229437507,8.920504041040935,9.464457999417073,11.362235492816716,10.32120656206224,11.537044437182871,11.183318976243475,8.520031043389128,8.492407457685081,8.598633453028217,9.93047422470194,8.742755149847955,7.459361086767098,8.617078791225824,9.222180398965222,9.245896678925497,10.49521896293355,7.869494395800761,11.905225054981091,10.112175932428846,11.256638439957896,14.26536168881148,9.813270971381982,8.227826362493076,9.742777682022579,10.1198305491849,12.359455142168708,10.359536921410456,10.747094480310938,9.658642864912458,7.854887278487672,9.716891219963484,8.817648309602212,8.03228993890734,10.736975927486629,9.99901530290102,7.885178171889093,6.103380144033116,9.555064410474396,9.454021124027664,10.723444719062169,12.14014935855575,9.302124616179043,10.960875496336282,8.726679248487825,10.159028881887576,8.038575541137234,8.809708470813419,10.91270609908258,12.604089857286203,8.427693256903384,7.784650627981585,6.8735787222299205,8.922695257291112,13.983266461545579,8.700321001417462,13.247388764269495,9.947150334433717,9.185320408669615,11.099320483981543,9.047686422562492,11.316735184044058,7.2375076352047945,6.806284357351766,9.038710377879157,9.977882115691301,9.404072420788326,9.935113909764755,10.316596197395114,11.868049577626294,9.646052779937605,10.202175204167363,11.069940145664663,6.826603618436238,11.905587361941876,8.638690888422529,11.260998852674703,11.799756712908748,13.32180238555198,10.58900251576367,12.036639652359593,9.85634731459407,10.429968954657962,11.67612104216199,9.211977810966626,8.813976725038989,11.739030778593207,8.698577425221918,10.457909588198273,9.663830341879772,9.319488598977115,9.41088352145776,10.88166824645345,10.590350947597202
S127,11.654564425144295,10.898374323201336,8.641898335799297,8.885739809035039,8.561304859033786,10.753806061482077,8.692087647085364,10.159397695150872,9.900968689538477,9.449616801344003,10.439775128117654,11.198809972952148,10.46072827905753,10.118012045661201,8.996551511574935,11.715903028062957,9.786416297925761,9.467820536916575,11.73703266271902,12.38894770588923,11.888788283486686,8.775560099039021,13.53779315674279,11.621183010642442,9.748279665558806,8.631021904499727,8.734811854825306,9.40486142209266,11.702403408964653,9.71560569646737,8.315206738610314,11.795957750626382,11.061813662711176,9.21922840226644,8.037009553867911,6.852260633813541,10.37226598581285,9.11663580595563,10.774942318437516,11.42611463159435,11.939883272308842,11.5778174497091,10.663577466577054,9.361209041083647,8.629531442379651,9.80367186696474,11.537047729124069,10.092534899562416,10.52839636557786,14.311716950101246,11.415989753955916,8.596775206032948,11.499510981127685,9.566842077786992,9.798483945669515,12.993050082841009,9.867867029245518,12.68353835127223,10.581988216824351,6.884248975908827,11.559302432310295,9.726101719165785,9.998910813091516,11.133690772745249,11.14336174702603,9.048582145383337,9.684447071812869,8.501778134580938,11.556505516127725,10.281194510168667,10.634042477507883,7.720961262367938,11.000912283039032,10.742169994453599,9.994970060385898,10.413035291629676,6.723670461519463,12.099867044819183,12.57104193181503,8.468675475827789,8.817221063519693,11.085792242497634,11.819268179936529,7.998926266915879,12.899974848718168,11.602587290976347,10.185655839768106,9.447758972878665,9.2029640330484,10.029241117766178,11.856482008334355,9.190145695393205,12.371882630530173,10.185301523972832,8.409343431562178,9.593265885382348,8.383183120147729,11.349307684509155,9.274832804730151,7.324919664128219
S128,9.447950756682312,10.654000437559915,8.04448441167957,7.387920891619784,8.080958096420652,8.035406387135982,10.362056023926963,9.428811399005589,12.112161892189231,8.596461166141921,9.857830384126506,9.51300788418626,8.345638468835386,9.77827495214084,10.219933115839702,10.701002151273295,9.41383376344106,11.164512328615324,9.677102915335961,8.710771156316547,10.459485963500306,13.201260231248117,10.552086695210486,10.847244102814832,10.746834495256472,8.034897110579976,9.969778171922087,12.544702496579022,8.293762299085376,12.697750730745073,9.923107055578372,11.3713910950076,10.160325352838193,8.511406553226724,12.102433981665168,12.199880055240868,12.641104800414164,6.956519990377942,7.815589250452603,9.219453864805354,7.611985788994186,10.340719997171037,10.522090326285472,9.753470633748028,8.169821526684943,8.400100346257153,12.593600652320593,10.19696003522757,10.579488140804333,7.548079354915638,10.837427949132007,10.958670190730855,10.74717617990175,9.549830283920217,9.410742231819707,9.913525503728785,6.488042079995921,9.95943153450074,13.017190624840357,9.576840816401724,9.579131426144393,8.019447188232341,11.068505046650156,12.258900396761055,8.944337049352953,12.356802136193576,8.440761321573747,10.683522041579263,10.562557736930504,10.810863386428046,8.146702183277213,7.542154182112886,10.623138325832386,11.70353457967231,11.658801735041019,10.888465763312912,11.714045170250232,12.174809706646522,11.470292936924848,10.967272919651366,7.6851257113664975,10.575474735875567,9.3271158740629,10.414655467184893,8.876229512961517,9.438325788753877,9.946273044724212,10.579928399860147,7.788317117737397,7.27301445085587,9.181477021132133,10.253510932174832,8.215765277887208,11.614173097991566,7.665399075339197,11.326419162596295,11.388269708537983,8.74976255062273,12.31800259677844,9.072722274152097
S129,7.5606598899253985,9.690822205064679,9.231075334470003,8.336068478376394,10.10546002578944,10.982730645930209,8.949365874043483,10.046814066323465,10.080602463275982,8.90909680774391,10.95214673162778,10.933367703918337,6.66414274797466,13.249111936181366,9.960619552381724,10.503580869430387,9.061591243163647,10.719066553284014,10.835290174397882,10.391303695630862,10.688318402178123,10.889126336102382,9.626840554932663,9.852209868302793,8.28200154653957,14.756167135044901,8.464733792508822,10.822454391785628,9.480590090430775,11.18000684572827,10.153550261041703,9.433962266799208,9.763404324400867,8.54906823563875,8.199713525607764,9.688580179700057,10.448023540729096,8.031974355054363,11.33520406102105,9.348221835597927,7.72982728189729,10.941819770237274,10.960860887153292,10.462249872536123,9.043036424474096,11.016582687251287,9.776143321870608,12.149854968998218,10.304639561892898,7.650350238529969,9.388739603521065,8.076661099654082,10.202487485875169,12.591937853971912,8.503612752743601,13.062790581325281,10.334409095255387,9.912759401352508,7.770025617995577,12.95639151009848,9.000455704006631,8.7310673017733,9.92367028166566,9.234565970491708,9.63039061909111,12.169023014499121,14.04658906962047,10.992195990545325,10.304227008465642,8.586158088045407,9.913552111537822,10.10945239859598,7.910699366261884,11.273857561101865,10.419083195981232,9.395932892948132,8.874122391684246,11.58566121731073,11.006730679260206,9.231454308146342,7.625129166110176,12.163536291142526,9.834965504966329,8.796595133892476,8.874204023162024,8.357195251298048,11.404496194374506,8.876060370313214,10.269258264523037,9.306369647584397,11.077378588176023,10.598527063870213,11.548367888070178,10.116959076262134,6.728662952256822,8.571152759790666,6.119275351185265,10.310186903174888,9.282393963378393,7.897839605345011
S130,8.610713564650549,12.807651638330373,11.785227218055912,11.673711283293366,9.164388893549082,8.463175195256902,7.455367752754157,10.061826938108476,9.022540995936865,10.440911979738937,10.258236008668595,10.697392210321276,9.55900591301327,11.699526532003176,10.24285089169463,8.77962235119226,11.949311305169225,10.40065957970626,10.024599697286538,10.051273691965637,11.595641058810138,8.110741746738771,8.293551944374991,11.787176429782862,7.730994521683221,11.550453998899494,12.479049838719519,7.167125887599206,8.631187785262432,11.479897419759883,7.000385675058029,11.268322710018866,10.845771567213681,9.483310553762287,10.114290535226843,8.328084965317544,9.537434739687498,8.65783732401857,11.059819428837178,9.722574314308558,9.357859176426036,11.221406625146104,9.374684487409176,9.538868508397096,7.786232645201385,9.82376174637303,10.591759947378067,9.74657756462596,8.302841585595516,11.870200661043349,10.240917760668053,8.799548705175116,9.383797820142956,12.004490055354978,10.648788409645052,10.170159269919017,10.641346867965174,8.934698969571924,9.066194437520611,10.900362992846386,10.38724852011003,8.321984290014647,10.66597703552085,8.651856596383436,9.12110588350401,8.855852640155017,9.138206369922512,9.973045911799648,8.796443582747463,10.010003210768875,8.276102943117184,10.031505270653213,8.908416525573683,11.362637883144,11.086177855806932,8.202538194192913,12.057122850425873,12.566158693164095,10.96001788485965,10.71208195462188,10.444501137515294,13.047167484861582,10.594031417071072,10.425644046216592,10.265067848233116,9.555208347507824,9.676865367796411,8.811085480629608,8.929219088996359,12.213966209375517,10.242370550821482,9.39486402116578,8.810371611835256,9.702269972245501,8.65307076123962,9.275632817222045,9.333236726413363,8.297092751826249,9.180663943342116,10.340025659378524
S131,12.369207928356607,11.771634684003033,12.36376599768558,11.855236158434469,11.726455478427368,10.243715419685781,8.621817872588798,10.674316817847194,11.687346668623142,12.836379412185423,9.804661467741417,8.713981958581298,8.792269203651642,10.856223579168711,9.503481545950699,9.589090473128074,12.648771446549196,10.76414694128651,11.137664184630399,10.560128171064193,11.976873351032676,9.664570953895081,10.163910817093804,10.934857568500526,10.685397542075252,10.229223497652159,8.190735511642446,9.63532429036964,7.863287025650225,9.31935668700048,10.375961191804523,10.72389348060581,12.327818157414121,8.233413646604063,9.925467647232026,10.481071324864171,10.944475635967375,10.753902363498522,11.560411650797468,9.960157367430767,11.228424920623002,12.770900532702193,7.22413418066499,12.092532707161823,8.5599209389376,10.064802578774273,8.84876429018284,11.238491864498696,9.904871147922277,10.415044020857312,8.925517663200832,9.443776206822125,8.897497850789305,11.165223576689556,10.863540916943053,11.42089092889419,12.309130423464035,9.84676391158874,10.154480274732446,11.864402572780858,10.898159387884347,9.119954285975469,9.082454473450682,9.241784635970866,9.576355261906736,10.058868298195394,10.691972437863845,7.402983629170803,10.047885453364751,9.99656135578923,11.969450935008163,7.949048890495675,10.177132645874513,13.710389034799997,10.975033123548418,12.11326805475894,11.032480748487805,11.435018526804276,9.317766976355443,11.712439258968253,11.683158270587626,7.976636325939677,12.67543847376535,9.738813907619134,10.074597023989698,9.85504672038242,13.500828330465804,7.833717692195903,10.304178424422751,7.909790773727645,10.376750447959584,10.923017777211768,8.872836659272126,8.270932713603603,10.71048196481121,11.597185162681603,10.533289736426255,10.622754147552428,8.500090241451778,11.239019989027184
S132,11.347860982801375,8.67276019694847,10.616476516404534,10.158265126619826,8.320750131813822,7.729147050712154,10.269215336934895,8.843968222166303,9.677123383672976,10.333337039173857,11.520940525155119,12.048100329971128,9.863346364866516,11.708154718002035,10.676826921410132,10.50691129670968,12.009294204639449,10.083032760571134,9.708248862198584,11.306205411856915,11.081690121851969,8.89772951118692,11.575660448852062,6.928917854448077,9.971258000612048,9.373957850763556,9.923628677206587,12.13448845881443,11.449690509234696,8.749307374324019,11.49223971351947,7.446337663532875,8.134699258669734,9.5314763712541,11.969523637452923,7.867600200590475,10.899438565918423,13.504899896283915,9.097308305294657,8.245316371623463,10.38602947794853,11.040872278309326,10.000529477613068,10.239180786048426,8.96502356623271,9.49168658337843,12.228850305055243,9.883756827636825,10.421381265241864,9.753839424695114,11.605078169635812,8.910718794516235,10.652549989951446,10.15521913720327,10.364109804067116,10.930038837996433,12.368740526069562,10.14419535477628,12.37263345558578,12.127565700209471,10.058480081954984,8.497575904685746,10.28297326033683,9.118389936281348,9.29012397172441,8.057614362557638,11.116478880886195,9.60123872634648,10.178842518193974,10.034860549684398,9.910772438448173,10.985487084605733,10.803184411075,12.017707989103004,8.069117453074934,10.232144970653716,11.135010693937172,10.198654916634013,7.878959141703744,12.332506345552382,10.097179643697814,9.726909862034224,8.67574297154916,8.574665249676357,10.888622077183946,10.751840569774822,11.179195924225827,9.148701623280932,9.233191583859611,13.171440208543832,10.901622012461395,8.918094927505054,10.168315071223622,12.175904578909817,11.513211278909491,12.019313227322812,8.240884900312084,7.757097562495231,11.952409561885991,10.81089523685004
S133,9.793693163228724,7.635073440325463,8.106433585489361,11.615943817376436,9.481645672150572,9.251325310839547,7.422503998853047,10.826640669053928,10.024943567728029,11.062569846660883,9.913975815949598,12.437178535476267,11.781410676121027,11.71576124201637,11.049505433376961,11.66489042356426,10.681841114912281,12.087665862550654,8.430813707127047,10.12914932343485,7.706860713730819,7.83797416094858,13.063728062297253,8.877888648186838,10.31411830193255,13.04231717066633,7.282441520703574,8.355085793604061,9.68974394010093,8.393561149827967,9.208087583951757,11.192239277489033,12.796852362289457,11.53870676920207,12.660340167108817,9.155534174304355,14.139610939181209,7.5518670529263145,12.332787843722915,10.527892807972453,8.121746179207113,8.616200970344032,10.140673062587558,9.94480009424672,10.543556869780133,12.016081990856977,10.617365091842107,10.254621256345931,12.008821511044758,10.182752954985066,10.05705328690739,10.847781378949499,7.315199471584931,9.694436274559246,8.503424549853825,9.90527250964799,11.052591449829475,8.638638859500233,12.585275448976411,12.693040803755729,10.430126935967639,9.000123306865982,7.817483687457653,8.574107658218145,8.993695158581351,9.240762644449282,10.330861673910487,9.519197666103778,9.632402779460094,7.230097720755289,9.355637223154016,11.07994795917813,9.945689148180845,10.426422488350637,9.981542524677131,12.156961845598072,8.818580811025349,9.174400167241188,11.329748838801919,9.8418545661634,11.967887823563125,7.475792953378296,11.12238593160539,12.768354890978586,11.447330201067055,11.304799750352144,7.874189963975169,11.501533760690062,8.954461786787878,10.975648941020701,12.403187740472564,10.780981903770309,10.660198907375404,9.575938399178801,12.093707523745797,8.197646651352642,11.608121867018086,14.154325113139448,10.329544306461276,7.729621842104345
S134,11.604832776476645,11.002489919450417,11.986983050454603,11.92738318423481,9.963395850460394,10.608222399497427,8.176429076435321,12.392292700916201,9.866154109321933,11.908045033786307,10.912551280947234,10.368044173585755,9.691521302952072,7.569624602515818,10.628217109961431,8.19351034588084,8.544741797198236,9.608229232332437,10.971705072908009,11.690853388506373,10.327423226906815,10.225878558308093,10.494054913621742,9.99126244124804,8.575623297926397,10.34905056565287,7.813422390059819,10.367313262110162,10.13154382872086,10.357229452619325,10.369267501587325,11.822528285579569,9.345216636696819,8.244936174482818,8.14583147397695,7.999177193064073,11.216564992017503,10.059043012122668,8.233398438038044,10.242868139157055,7.132098783280613,9.719852433347356,9.414924574822965,12.328246155165573,10.91863266425133,8.174275789086206,10.540798346083122,11.665156710750523,9.12932885570702,11.500148696193966,7.995683215629041,10.797748531804892,8.716265880490381,14.841038537841808,12.060083844214613,12.412014264736593,8.065023183588153,9.11532850198588,13.135553524411069,9.980079314032093,10.54784949095676,9.561955687524542,10.46808308643702,10.041692252386616,12.450560845228102,12.308598203290451,8.774968873418128,12.621527198717008,9.231594640145527,7.970122622736924,10.49783740181662,7.910789251453281,7.962123591738697,10.551496485040976,8.748160194871462,12.20323832066762,9.753398645377178,8.30654779758561,7.122856221450707,8.710306137316264,10.029264847674458,9.849363815386809,8.064389744351361,10.98382289320397,12.212415951479208,10.020642296520775,10.083368080784714,9.690080545049005,8.84647619243055,10.715416506639256,12.17230651058924,12.76419431376933,11.256548195787364,8.401906756722205,10.124695412121714,11.264101814660188,8.837572448653912,12.166643068799987,9.887444411895208,9.095982003709127
S135,10.517037268609275,12.341282504132053,9.55875728650994,11.100987444832692,8.677928828311574,12.067581459210079,9.552682920726827,9.33091596150314,7.9684415368893085,10.065189968854982,11.31312750786566,9.006970251533504,7.1384974325582,9.575583755079329,9.489930242075614,11.058335671569438,11.52270619159609,11.887540743621468,8.01727237316503,13.138784403014636,10.027137862253136,11.758105810871006,11.346148977398252,8.49993175000105,11.678780630201333,11.840902756138886,9.909944271737567,9.5799303558551,12.034322332326616,12.431754230695072,7.429235434156368,9.278326577887755,8.313996424835153,10.407983132145134,10.065105643290101,8.879403840851577,11.855909068851913,6.784325732448429,9.00104169454007,12.477639496092479,10.742865248421454,7.197844237659204,8.821102378156885,11.249222396417117,10.267126079086914,8.84607322383965,11.386453803618473,9.892015607182119,9.120609746259984,10.353592300091169,10.06871702537163,13.048497037560958,12.848696822751638,7.427813886436347,11.636469649795231,9.256242505278165,9.665547013072775,9.959610273992068,7.8843409608001105,9.427029159344952,9.06523608583253,8.647808375522013,9.238631478942308,11.637339546350123,9.5673041825545,10.339830371734747,9.771428586651854,10.421307034698053,7.423864398143959,9.565632423439522,8.51255466436081,10.191470983733886,8.207527898753453,7.687934643003615,10.339724369764145,11.151156560301665,10.140465095926782,9.468394448710592,10.07463520873453,12.619835111348552,8.962657195025304,9.737390569861898,9.128637283389056,10.889066533508084,11.565917742071314,11.602905210565009,10.094664512393498,10.50094524390623,9.679952828663293,12.52627473526791,11.072271850333928,12.767146647909577,10.335754512498553,9.764495043863773,11.48156289830576,10.08629062471439,11.314346984244441,10.343053924630967,11.230862775140439,10.46649205578879
S136,11.284237807347557,10.964262943801021,8.83154330054161,10.840987820316041,8.425387837287825,10.81307128136581,8.452225115737857,10.012551633453405,14.305152517526977,9.788276751942345,10.342680330690754,10.018850709723589,9.665769714792608,10.147793627541965,13.036476672087506,9.968187925645855,12.732851956756512,9.762810121551333,13.338847256836349,10.31465594783146,8.100249855165854,8.818084011273704,8.971655060408771,8.779126350199524,11.389627320281978,7.710622973358036,8.759116205113761,10.571905501020355,11.204915147635052,7.117288232035255,11.395713530754357,9.285999270524925,8.479487368591363,12.111926325148398,10.19842599555771,10.620031636682057,12.758281669606117,10.313965075662333,8.384435854005961,12.785267804789445,10.643701874463337,7.660324538691853,11.796954464939315,13.68713419863371,12.38764044438356,9.192474819975585,8.897019453552412,10.314286542878229,12.880784806001309,9.929764271755735,10.294369990696202,8.662268700265523,10.498236668077812,10.587500255043107,9.325119852913991,10.266154307258581,12.102014704995788,10.443066045425747,11.076015773307967,11.81958764862931,10.680925534048809,8.670765032450092,6.382931793810401,9.77785791161662,10.951837736024316,9.806749289706403,11.290311607361764,10.004873787804808,10.777573506023938,11.223913637759221,8.16460566038539,10.621358528906653,9.689557952632278,8.468884268228392,7.539735127207605,7.870493820606285,7.4835576856091475,11.026562872841833,11.866524156710106,11.04512209504626,9.446311746770611,11.438628889355577,8.023170369410192,8.34525757515106,10.873218023428835,9.550033398305914,10.438535682593105,7.3269235024589765,7.76712071788565,7.487211229026991,8.139504361477686,12.098466400272256,11.389462402088867,9.53990767625866,9.537205349141173,8.123190429393851,10.277597633691283,10.025425459888547,10.975152723360914,7.76276657293333
S137,10.14766007729809,11.312393543345314,11.77635535526668,8.68434244962361,9.328125964833173,8.800380533045264,9.816538658205388,9.292588361760188,10.394717561741398,11.31738003798511,7.195614511768477,10.953113301490529,9.920301278622958,8.71403252842262,10.985347923891979,12.2899822741149,12.110388065274805,11.059171146932094,12.796068878117213,9.83459124151329,9.927058768162698,8.576360461964073,9.254497394199563,10.561586118205382,7.12866200618217,12.059760547644155,9.601672016644336,7.937227123096031,8.862639302434498,11.25153299141262,8.564801044376814,7.277423048761417,10.154225188102183,10.532785722501583,9.505193204763177,9.622163336866596,8.32726932030362,10.014365836019506,10.256821178932762,10.451771477768682,4.943170012510251,9.675837667172981,10.887126078677063,8.78346680813807,8.954414632283989,11.175893366508962,9.099160596674064,10.527162711954228,9.230763290944076,10.936895742013437,8.671184226613324,10.229282896175128,8.573386988701273,9.59124256094944,8.720864463731708,8.305709284151249,10.197128946023943,10.928359522307112,8.272310601479058,10.854240412719715,10.050733858743536,11.400041327530447,10.879626707400654,11.755305261136114,7.634527206268058,10.684795760437702,9.080637035606406,11.443704189750646,12.089353134050562,9.195900103734177,10.470846277263034,10.481023755322582,11.103831426830503,11.802422643762814,8.666010553400195,9.526118736024415,8.654135532851704,9.65754044050314,11.101961907467762,9.020100387315448,9.912585999308428,13.289337436904136,7.289078132705789,11.02347479762433,9.083563274946748,12.414308330933942,8.016686867744049,10.732117977237422,12.044636599117721,8.532193997389655,9.167616416732256,8.640136622199828,9.200834492982022,8.418500120524085,10.895330626509248,12.639960435298635,6.635107453265299,9.960026043319449,10.743642729285723,11.355008643366729
S138,11.42372241103458,13.2725437860691,7.311649913179711,9.88027171599358,9.260463008981253,11.264437235200697,11.88757444244832,7.999990568623521,10.034582346212895,10.937140685270812,6.506676723174763,9.271333448821053,11.342447744175686,12.028639277922984,9.883693059587165,10.816561173765507,9.333484563244756,9.700412097868062,9.297092850499547,9.13376805167854,8.671684563834965,8.869187209055642,12.227771795614805,11.286943349277097,8.706703821546515,11.536384962349477,11.510209552752842,12.03711320443975,8.734058146974453,9.323118999387484,9.264589321514464,10.020989583615636,9.010226503794732,9.076906121664807,9.785241427633636,11.3835174105238,10.221006358099508,8.858801727390693,11.869958167543784,12.463997498233038,7.231133287942962,11.219124166654376,11.640049676666473,8.75007708810961,11.551998358707221,9.197470824220606,9.455337281149712,7.261630289183193,8.40008247839739,7.690728332999416,9.848581466499228,8.403551065853412,8.43808433130243,12.895740962309414,10.641844628133464,7.541829119244207,7.305842412196558,8.301348690138916,8.41207999731016,10.359639342053253,11.350289247861877,12.632893217047023,12.749002932061757,7.258042019490655,12.234201868067537,10.025213447131197,9.097495638980476,9.832393179927472,8.226656007392007,11.44176392352975,10.508595554152498,10.786614692738059,11.145916924398506,11.213614506097919,9.635733587312773,12.633500804911538,9.15957820579063,11.694331615807569,10.707652134209926,12.8113541121014,11.749776418615902,10.574955479861185,9.398692441065847,6.6385204068118915,10.641222502151473,10.097518038336007,11.538549625761336,11.237384573071965,11.34349846748787,9.646392048803682,11.098456660578297,7.720825443795954,9.653863656654623,11.278978829257023,10.275539825815349,10.915321487960272,12.261822913045805,9.222335006400723,13.502575214095959,10.561185751424627
S139,9.586743173841965,14.17612036933432,7.356707201405558,10.223169885127364,11.672415058283256,9.976326344388097,9.12637046034042,7.69097818471879,9.69284092300882,8.121558712194622,9.355858770447757,8.860620130957184,10.505660505339174,10.485509029124035,10.857509175967815,9.899435925624482,8.343709500914507,9.968650398903318,9.731393582429764,9.049521828696601,9.548495892420286,10.694876325006943,13.197739608121864,9.11961303233101,10.885308211252699,10.921793593505186,11.34480676885829,7.505108615778241,11.54901577537041,11.11153474117681,11.651558856246298,11.164233220691711,11.718153940043251,10.990739351872122,11.684775887835253,10.076469198422913,12.724626878273504,12.389404677019037,7.800186096146238,10.21647901351113,11.721486926364337,9.39368789530486,10.54972923983737,12.355030465799505,10.260179628370349,10.506111994536667,10.774986588184557,13.379223425393466,10.102144692548261,12.051394230895722,10.823739313872263,7.333133794492049,9.793154122131094,9.810216637880554,9.666860722348554,11.483834453666132,11.382567595633072,8.730069146626315,10.02554107993731,9.840077488583656,6.894484216541131,9.021475309720575,8.98582826924362,8.814386207820911,8.929739840534802,8.700961663347636,8.859421938672174,10.976106631775444,8.861650212226543,9.971576350955473,9.775213395470375,10.931957836321732,13.723716445519168,8.779250498370244,12.364240675115843,10.194729425409498,10.581464082143542,10.035273794584354,9.26837814933847,11.40560542286359,10.09217067873943,8.791799373649093,7.2126077838143665,9.273460022058268,11.095966497756164,10.946071808802504,10.007841041831616,7.464983872730063,10.029455405548916,9.813454342006935,11.616751604355974,7.402851078374402,10.201807762153496,10.748229255056328,9.958747643725777,10.014723251774553,10.30400250292238,10.401804536647681,13.129806269609775,9.874819362315591
S140,10.09026741611531,8.654012109652683,8.480090569897476,12.30226001910535,10.471959041349312,11.276721016440902,10.555171455134097,9.315818816524896,8.186807803335931,9.46911328767672,10.792451793422497,13.214067406599671,8.865328353113476,9.492607557357351,11.304875735052926,9.206930457586427,7.168205896127148,10.681542859946044,7.910718790984528,10.948042375769699,10.43123275602081,11.48023578465306,10.36132132131655,9.341567099639299,6.898151121480987,11.169482953255143,12.883631796132663,9.184663981422375,11.480843191031637,11.809354300459901,5.601597069758933,8.99888182931911,10.123140942794615,10.41315559272759,10.373273074834207,13.271220157616018,12.206911117974329,9.268524713125789,8.6995790240934,7.724609239194942,12.110814634015957,11.608184326103625,8.892096481780356,9.328831518806146,11.642251154288871,8.700219786596245,11.385696574421418,11.397241075152218,8.381986987583627,9.02424900600181,8.638017972233214,9.114212114046003,10.627465338249111,8.858638520054443,8.149221106377563,10.149090726886541,13.089905126179465,8.286673037086993,10.306503006937344,10.206708065245733,10.78347340309237,9.086362190216837,10.441862032214564,10.93479674974359,12.24091179028126,10.360986100855765,10.30536398529712,10.78046166498833,9.3741771225558,7.869270659213122,10.271042493459358,11.324232593919476,12.18593120322379,10.577927926175516,9.173842624806023,8.876511202800904,10.12985613009478,11.097107726584467,10.91406577507275,11.333189773470174,11.711161402501851,7.405962532287825,12.999396166514945,9.870566424223092,9.76068209366725,12.319521211864798,9.28287343977492,7.7930463734982975,8.463030427871159,9.846961767439138,13.58657891904439,8.58695508111936,11.063367983592396,10.540600094501237,10.013714497830435,9.459258871434944,10.870924206417051,8.788206221822845,8.591044478393155,10.54046612896066
S141,9.826183640125633,6.30750450253653,12.592269212140831,9.361774620834911,9.998796295894783,6.998004501661951,10.449360701990484,7.805083304918671,9.25700712612167,12.628112037032473,8.721845923806816,9.08475249221954,11.960191045776085,9.893488667396248,11.335502730773943,8.921581445145092,9.916303911942089,12.742945804705204,10.607263593771847,11.95924817881778,11.401401651422107,8.921258380006137,11.170616713886204,10.236912179528856,10.960278021246346,11.789528403931135,10.266617465218545,9.232123008981915,9.40955593655218,8.851440479518207,8.992555458259789,11.911004257521146,10.053113300765627,10.196356403556512,10.559969122783691,8.39308141667655,8.460615599991481,6.987606860018719,9.005143421902945,8.332937276202916,10.793878782413293,10.933400129526197,8.649804799254428,9.15726401328655,9.511705143382635,9.72267155990855,7.349473148214782,10.655269382053035,11.888520655860411,10.902550803380988,11.295340858189842,7.525080910964478,10.055976606832267,10.409004777722924,8.120199477221384,11.027860356004167,11.037581767303733,10.11587759698428,9.60351693376145,10.073013133170262,10.067852273896921,9.224420805163891,6.827859141647956,8.861607289495582,7.644979970085607,9.96089208324244,9.686162159881311,9.832037195826699,9.70260231371172,11.207697913290684,10.60100544712705,11.311022666395026,8.555569488013903,13.197707763298979,10.704949618255565,9.62430403308031,8.015389799478235,7.60989505535893,11.46013266749954,8.637379393851917,11.119475908702759,11.32978075177476,7.847497346413071,8.325817015346992,7.814666712297794,7.919100677527377,11.142518445141105,13.987531775041358,10.483006283635508,9.304897237589032,10.56679874582938,9.879198100723382,11.44038506428122,12.746373277402636,13.707275893811504,11.070694477089885,11.382081377200208,9.825272972859832,11.501194424568155,7.708999762808794
S142,11.997090220024031,11.33505239025689,13.315770403924574,9.93164418771054,8.66899379413668,11.128658255171668,10.398659732412483,13.54105605728845,9.967451372977347,8.291648742083778,10.318605318604957,11.017750154886562,8.506909623109038,9.324560539426912,9.081426857155842,10.360812287011159,8.76206010160503,10.771188468069006,8.731061077584847,10.314332462365499,9.829298429621618,8.825747483280564,10.72660278533174,12.41715314307629,8.799861300965249,7.227302565585065,10.440355822644463,11.469196305257793,10.50771107493501,14.414182424881131,7.760343490436716,12.580208048523076,10.85019544419865,12.4760375977512,7.918678652257681,11.805449713524666,10.017710674808551,9.673587412242966,9.26247107569991,8.312570930305762,9.752655315241155,11.190246565387408,10.471536242866495,9.328789627695274,11.784895164477797,7.885477032436147,9.526962740451408,8.793477625459243,8.733873843941897,8.630238176660763,7.648707760364621,10.965908590393983,9.161702246720683,11.351997762161117,10.139616555599739,10.572797746431082,8.005256846246517,9.322240960873659,8.177923535771551,8.822856948976764,10.201388054341296,10.430094631708467,7.739250337796752,11.042496212666492,7.859770022886529,10.623180615981399,10.255586380196894,10.686330162805778,10.512502235194784,9.354275092416088,9.66671010017171,9.813223854254254,11.299449747173417,10.386303227879925,8.129675894411653,10.107589241673598,10.41714466605772,10.099115342857804,9.266147264006364,8.893521197658718,10.859093400723909,8.225709812901144,10.00566069475805,11.666149285363186,8.795845316830814,9.28425376625937,9.38377683204565,11.918991616722705,10.29217317035801,9.13474472450718,12.688355956608556,8.7557877513308,9.729877431208944,8.93127418368782,10.620558316462544,12.541080138496238,10.238168155283814,9.899602426801327,7.136472916184319,9.922930266348775
S143,10.662055535529452,9.885302957476162,8.931657122803166,13.714120330949433,10.669550941736302,10.147729967913365,13.789767468774098,9.803639784232582,11.98147393200524,10.336999118715474,10.4858222690076,10.850481787141689,8.914478616277284,11.57671613038259,9.007741401039429,10.836516723890952,9.727434158535907,8.470851838556346,10.246333127035653,10.34229059421192,11.284228630332418,11.759672097755523,11.826903935193346,8.308180763970487,7.557057285678997,10.137856132947615,14.286043398158494,8.948102916317676,10.138960385479361,11.172809556728698,8.101381547930504,11.866660499688287,11.74048680952863,10.962534971665905,8.41162401729496,8.580764068255888,9.241296891242031,8.924736480986168,8.962553246501923,11.814303125657663,12.078782769430664,8.348831075610839,9.355625219936277,9.319347093615708,8.955169232603547,8.283145865918126,9.05915457182242,9.98768019456726,9.645447616153705,9.358277044898642,10.437236677231358,6.607257602738988,11.539068676040765,12.02678225788077,8.56707281526296,9.80345531191898,8.364413067296974,9.074553963684366,10.718764692746468,10.509762960243794,9.93710343468033,9.249243586073682,9.906367854847373,7.845890344893365,10.05158859820385,9.074880516738457,10.323209255625411,9.17623232442053,13.610927558022894,10.158316426985223,9.886219789874326,10.085924098106902,14.131289834788038,9.102459720495702,11.189258186633726,12.666798583066617,9.964088749378417,9.719091464308915,9.356275962792752,12.150251111443998,11.561544972737043,11.251497756685543,9.790779167938775,9.526743606656156,10.094904783236112,7.715384015197654,8.27526300966556,13.493373272894841,8.467704822360679,10.21848858090961,11.166697333424437,10.430929470826788,10.754608496098703,8.461024809021078,12.255228325152965,8.350385991429592,8.334405694879901,8.562716883718256,13.494249637490366,12.05159357863729
S144,11.667001861602554,9.105100521182136,9.451811037459317,8.581248740084638,9.385880283299864,11.553346968620103,13.37321177904871,12.230517162595936,10.602447972370047,8.93969348237018,11.17796105148488,7.903138700936207,10.134906366932604,7.783520110327753,9.433374339453762,10.0718280012034,10.24633891929342,13.117550320744556,10.294303163509998,11.024382124431535,7.995666970018879,6.900924248942942,13.142209016725868,10.639481617801398,10.739798176828186,12.154089649248046,9.664476340093755,10.500531322104496,10.41298255662898,9.967533898597,7.550159912989223,12.63705155446533,10.672308944820278,8.80963333219569,9.23627057318274,11.639124986764346,9.781100700903341,9.795486340808841,9.038228598826594,10.678701777616453,10.043179633236628,9.129164904315251,10.555797946900912,10.045602284844183,8.461291834086548,8.823594304721185,9.169465346119932,9.817114122352827,7.683735834111202,11.13855603027488,10.168314363564681,12.923628315696499,11.47370952317121,11.916513137726513,9.174087145126139,9.292934615026608,9.081983968348736,11.3855071012995,10.03354091771291,10.963744874553004,9.092377669385064,5.70680733930552,8.834785991579441,9.133735993485361,8.381999587976956,7.3949094608820705,10.432704811853496,8.445275608402497,10.52419236057852,10.296530798496333,10.336675841856113,8.379988382744683,10.241124293347047,8.399249967371706,10.672514097056688,8.363400922925388,11.927890671279945,8.733009092334566,10.578617184454087,10.150899644894649,9.714688105701518,10.778449954645652,10.685964048162703,8.621266178172096,11.596135803300069,6.993318447958047,9.56451232157282,10.576250698612117,12.380761492792882,8.39467220494586,9.11422643309275,8.09190094059639,9.911733548753766,11.118984175855214,9.36119393636273,12.09704700455043,9.114606063955275,9.315787840270177,13.073959068387962,8.685593677932019
S145,6.785084529656816,10.342045894081933,10.063062586458733,10.24743749494942,11.38362343171216,9.980912117482603,12.829251848533389,8.415979907468154,11.336169809086288,10.353910967257729,8.111561205057297,8.641433298903245,9.431040467871549,8.988105375051505,9.774920000459987,9.756170322501172,9.858609572256468,7.616404473682035,9.884510466855371,11.655910576406159,10.185349616148164,11.257466325000738,11.751037744933619,9.90204332277718,10.119312414627698,9.221842248271688,10.950323488225667,8.115664715559769,9.310882357904926,10.005191474398476,7.0147195574279335,9.650228357525833,8.45562731432007,9.573492899915397,9.424589323690427,11.61268908277127,10.408561673380262,12.08595657321671,8.635380276924511,10.352940593155813,11.067036428026851,10.356700658198399,9.415533524753434,12.587319850558229,6.9355639111294245,11.121382759965826,9.738138317057032,12.394232074934955,11.537512637046566,9.732293143139177,13.471146610824253,11.882039062236748,9.74443911306433,9.70943237098635,10.542520740604527,8.050151486859797,9.835998199917634,11.610915526635255,7.8710299631445055,7.973080540380098,8.40128386882822,9.699063904844422,9.37416510657768,11.50649709871903,11.60941359163941,10.106108354052665,9.540908791522268,8.11907362877701,7.248311966027508,10.117701006521507,10.441079312131903,13.004598516668436,10.536636725876395,13.164211702170716,16.033308825161466,12.931315919981984,10.585823770241083,9.008965009323438,9.558021260868765,10.689434130599205,9.201069092877123,11.216926780341563,9.495815764889088,14.480891235667332,10.073021953680804,12.478145963213708,7.226368840838858,11.195080863900696,11.52945317200072,12.36018695950579,9.999106037798017,11.834513707798006,10.883355522007928,12.198108138995117,9.374968485869855,7.93848634779682,8.934117162385633,8.128911080608725,10.440361518548952,10.17535663288682
S146,8.367901333607858,9.97775030417261,9.984975933063756,7.541936213546719,10.485387544383759,7.8678725692896565,10.777673766182017,11.456000698262242,10.22320529832931,10.456379389516501,8.7720687479345,5.702055150434524,9.857758512718869,8.392362947035929,10.028041591580285,8.496568111707747,10.32466900835491,9.306025072407557,8.41874503115992,7.6764320516487015,10.963010471611463,10.363491464502292,13.582246075428568,9.371855279398009,10.716899186710632,11.605811972736015,8.943389111719283,9.770018701476875,11.78338943676614,11.920187188214761,11.719954351034307,9.61902648053184,9.859019654816457,9.864224956960168,9.989567701476503,9.204827488256065,10.893141741429542,8.549648386405387,10.014957606045087,8.640628974650815,9.806329438365392,8.305733857118929,11.518015076687844,12.772348231580223,12.39528050571803,13.065912212649181,11.213156023004279,11.676883712336323,10.839014892053454,8.182879040048613,10.977881963619957,11.168161455956508,9.935590494289865,10.31244416765795,9.608089943912832,11.749664653185535,11.690825591896425,11.319304249434012,6.207298811497807,9.790439139060336,11.977847741717339,12.878613402054299,9.108298311931916,10.934693870722874,8.216957281187756,11.3688260937884,8.579091594208522,10.647282704572776,8.973457684868189,10.235477579379651,10.440393141367917,8.104765945197162,12.478502967895448,9.981483985173105,7.666053538982496,8.564675663251869,10.212286969085806,11.370611240944099,10.92041442054309,11.969505140238613,8.855499309977487,7.9032581589138005,7.795930724977524,12.39242799444067,9.102058940895322,10.494447304731024,9.230052354462892,8.06630929579101,10.892646862654543,11.305095538775102,9.63474940696155,9.474362801719973,10.862252456356789,9.529587036730314,8.99382354082956,10.11099472133281,9.660064483430265,8.227180822403346,6.935930987764818,9.382270366065306
S147,8.774046993621269,11.318985871413677,10.592276690257602,10.834706805230141,6.902129752588353,7.412424954801201,10.483207622260945,8.219832573298172,8.459611132087163,10.027749704095791,11.832080345186005,11.87432367501212,11.654251271930734,7.646452980648705,9.57839326399042,12.468266715485273,9.425012837925614,10.274127997341688,9.438872997277429,10.966597158860251,9.980606770691248,12.281467765215947,9.915331544209474,8.150571852299448,10.51416105395068,9.47387939665142,10.507324256275957,10.846147668116606,11.16638555218206,9.804365381478025,7.666533725717272,14.69428581509602,13.427251181609385,13.594747827033295,12.30521311582726,5.981163961198927,12.264228534657608,9.725202939846252,8.846140065236819,11.660252881425258,10.585293463107243,10.482007201161759,8.809385776128705,8.581480859242289,9.483003709739506,9.415088481423147,8.986374404051679,8.067236466142962,9.908418013429356,11.39948125186923,10.129392449215562,10.716896203214887,11.872211881266114,9.733323533431507,11.477435317139877,7.6764826298860935,11.23234620588736,6.799269978351511,10.566837380758532,10.802588913796363,10.822788136263275,10.003333630191873,10.279423962903413,8.82604945314775,8.736601627273524,10.992702167053217,9.290275367129096,7.5620777301756394,8.434861382443685,12.533742432363185,9.430860782498796,12.307056586979083,11.33615517219271,10.049350433510185,10.602529455263861,8.619973215404922,8.591624429216061,11.027796224342914,8.725196491901697,9.303704324544679,10.893138357752795,11.462498371520804,9.723333348101537,10.05233416100178,11.309947229774922,12.395852047746011,11.108184281170502,10.377334072833749,7.424876092447509,8.151747069415453,12.701804261795573,9.098979307990154,8.166639927133804,8.072564057138543,9.976121687246312,8.82478883101738,9.967339890053594,7.787395311736994,11.854795917326195,8.404905248614194
S148,15.155713984185482,9.502309772105722,8.105837079163706,9.14613559145451,9.554381941073487,7.995952224675717,10.33266508184378,9.577874896459003,8.989940603113743,7.070288722782097,10.430197532133528,10.275056013246576,9.79634522786671,10.718251854609482,11.094072015756266,6.988280810970889,12.169868359821379,9.876842480258185,11.147807505445504,9.397853113476815,9.080673100730253,11.934981698904155,12.563328067412566,10.195332344985916,9.400205167071487,11.30405267781249,10.824973135042818,10.26216416010581,9.635150617275064,7.2345796838513925,8.531352091899128,11.61095360122123,10.42194809888888,9.51505775599133,8.38599671586327,9.9776664723994,10.769765094267397,9.810152324005388,8.4224805474594,9.00259774541389,10.533969644647023,9.408693216395147,11.132319990839783,7.741565645536601,9.658708640623418,7.929436626206823,12.671734166440608,10.056842899317934,11.825193332624472,9.459315873925334,9.432333823834085,10.736570511397774,8.591841550733559,9.594292351270488,8.271830940055569,10.305389468747462,9.06203800985143,10.411245681642704,8.714751142788256,8.677943902432881,12.856219355607836,9.302222139073306,8.907772555477148,11.364502152001503,11.564659789267312,10.19190933645182,11.765373207487782,11.497176622705854,10.429946551122134,10.223823001184911,9.346270347589915,11.837204031421274,12.522486047661646,11.19561506370948,9.10803305510197,9.995226093997285,9.421376936249693,10.422138811963766,8.884427686121883,12.033221302666865,11.554271327373275,13.831409002570695,10.903699754284805,9.75451149877468,8.74596139588719,11.523878923746834,10.84696988334851,10.353289359021996,11.035750696112796,9.652279412640794,10.463433100722899,11.374506035359346,11.082805229280117,7.637919333539827,8.36756997836779,8.806875585179563,9.446727238693867,8.365070700705015,9.829522326472569,10.731776603020046
S149,9.11307701171204,11.471459366099973,10.83903197952851,9.065576464474605,9.975185783625248,8.304306183600172,10.248135639200992,11.678136502799967,9.028171234138284,10.077313207598415,9.515014676052342,8.441769735813686,10.694613448954698,10.91483219516313,7.80553074498051,8.09921297264803,8.977740745221393,8.15059452841599,11.13553897814805,9.523342459658085,10.743233226707439,12.824216403487299,9.09387180716393,7.279727655999091,10.864940416684393,9.60016295976505,9.232714141511666,12.111838158168815,7.542009547213622,8.66182947698271,8.527422092758725,9.440525233461432,7.910174878067493,10.69423079959119,9.181146843256844,11.841199225629337,9.073312176272657,9.573975739122075,10.563573092573293,9.531393103106584,9.090212997884356,10.284130954709113,7.980351506825452,4.66421022270919,10.517307510614726,10.935484706966399,8.428742788364358,9.175761498488779,8.641807941301348,11.829372226871849,9.062856267921067,10.241356411844166,11.579442765498591,9.029705987451194,13.101391561049494,13.483030351042363,10.811429444566809,9.591485387403228,10.684692893552402,9.219046707452387,9.536608236273038,10.957088770290188,8.804693692510106,9.398024142720248,7.802108301848495,9.0029386992765,8.260749785933903,8.095220087681785,8.893166633355213,10.310950939471338,8.552116800279968,10.979069456362708,9.201556967558398,10.052672988771869,9.366839596394213,8.337643315636871,8.24599455713117,10.463225388395388,11.241699133500838,10.45748680325136,8.841048798398255,7.4069974585010145,8.428460647043849,11.404209247766728,8.148185989333264,9.988058924249426,12.317310058350941,9.120693228118425,11.693668392101861,12.768008315801543,10.739812114267218,8.492551971873914,11.634271817434582,9.195656864281277,10.027918217876831,8.998834860966536,4.730427841127012,11.51189781131684,11.925814895207631,12.813526082539692
S150,10.428106853079566,12.653246026464904,10.463908121955408,11.66641149154173,9.376260442529228,10.544277982442514,13.348470571420723,10.206437789287527,8.385999288346808,11.860685258664642,10.213914804349074,9.347183412109743,10.632446035914986,10.101025665430445,10.59118746720248,8.498187255753207,7.8592382817507485,10.005723989178353,8.813032738214513,7.370732609790439,10.620510024265233,8.682196768652114,10.952411188764193,8.12154312528895,12.646038725004754,6.4715932004120775,9.729710072520692,10.326904254312378,7.226468186829129,10.629165585216036,9.562354295481711,8.300241856594937,7.504419656588476,11.097894117777205,12.141242353325897,8.24744644964771,11.688216293354243,11.733979574701888,10.482604595299293,10.73219557112858,8.564397547730408,9.635958922161997,10.529581365830495,10.339864741483801,6.470636814273293,11.25189735984004,10.577500824175367,9.426375668798139,11.264184466627947,13.527732655226437,12.209420774879783,11.783328662297887,12.083208757272157,10.748126087749974,8.595310445388622,9.507451166017221,9.757382231596733,9.504356253523211,12.59130726703806,8.00810407164462,10.963361392084252,8.491168900356847,10.93949490958327,11.165315731273495,9.418139465950741,10.622538426485159,9.884346015247127,8.335589230622912,7.736297680687005,8.455373724295843,11.428663227575347,10.669703257613484,8.967628379765605,12.408465586927466,8.744072768493108,9.142612141546708,9.484874713626324,8.717619576295942,11.626114000360293,11.522702063066408,9.48534755884468,8.91352794310608,8.685327332214243,10.553278590181444,8.88519396340071,7.462522564011032,9.19685762067202,9.686492558883685,12.78990878140609,9.925885506711603,12.138113345367481,7.989478946739956,9.287256869820006,11.122222803399634,9.441269926519958,10.932086480593284,10.443963172330847,11.612380652202393,10.611659953341341,9.224449836183739
S151,9.030856556393877,8.779606061758836,10.03510018853108,10.180328175111395,10.332170627236469,8.371306632638458,7.004280873460037,11.819271274864242,9.695237313429073,10.462656375667834,9.669611837041547,6.450428935637655,10.294844006547942,12.56676459443348,11.059601165290463,9.011564948976691,8.761343369493249,10.519726279629158,10.53238846967611,9.745472893435458,10.530849746479706,10.307932485381345,8.892386378763506,7.790314965329507,9.369949302344036,8.942573165487843,10.832032892177429,10.153497220426768,9.575183250778212,8.049989343793765,12.465997559899497,9.205272818369997,14.221006031563183,10.737046476414275,13.647239295301036,9.981203907157802,7.833330102582408,8.224689015060763,11.320071375396088,5.840437818570836,9.629808033474632,8.498089116597024,13.028229099326815,9.265875190699882,10.367865642081826,8.319372400929469,11.031142748310717,11.83802549005937,13.931719677634458,10.008858276249123,8.453598447567888,6.716829370443211,9.453575443241855,12.036215983956144,8.746271697000171,9.542173309087921,8.42803850863572,10.922972537021337,10.86099778039821,10.168096495287196,10.597309087521262,11.067875686727941,14.381488999403453,9.610880214238716,11.088206280297882,10.13944039898041,9.216480281054686,7.72744070066495,9.519164387772546,9.572649067844075,10.519424058990861,8.583980592644453,11.840897475567314,6.71669287473845,8.702294492209957,10.084187539623155,9.640442398390443,11.7744090801157,10.120021823414968,8.304672418336905,7.782262408898024,8.182777199987113,11.355678526330156,9.609572517663553,9.210672697452182,9.693529509791508,9.73599698452192,8.552511978006047,11.406750080280283,9.931490777371083,11.273276675555792,11.600838857894562,12.30426603403102,11.574693835554903,11.331283656836295,10.079727345037899,11.371470468461297,9.393318511364876,11.995955174887625,10.511212181229807
S152,14.075388769005347,10.55697927281055,9.672211167045065,10.858776193470836,9.609892001359427,9.227312631807699,9.800864492844253,10.513222026165524,10.77133413501139,10.516579039887331,9.512270102364742,12.725858979155145,9.313659563094484,11.08864918684443,8.803955754846093,8.172517347597806,10.662872267998319,9.06039724170143,8.580898177079025,9.628754898679675,8.950535845507547,12.368642092691228,8.418927245927694,8.97933701547867,8.806552711616954,10.343067243373689,9.372954114194098,10.101453049487539,9.891427623492895,9.406108800173312,10.84934718726285,10.55145185455213,9.488947814012358,12.320703913716407,8.120687469856666,8.66912694901244,8.892399521564514,12.906635868656311,11.247666125677465,8.959413679212235,10.635057838404833,9.476307379956815,11.946363075330714,11.321977675162817,13.153906203194559,8.820873182156802,9.647441306447286,8.832207187840233,10.229388585987103,10.118062434237286,8.123857037434163,11.162278590022545,9.391831819372031,8.763677533370208,10.243353717293845,10.156386883778119,8.919253326787342,9.577616939444768,10.103754436754125,10.364299513701855,10.76717166684864,9.985589595796132,9.083937634256358,11.776050295303468,9.556281483597672,11.198656661216614,8.909747924090173,9.981590844146986,8.348393554425531,9.182725514908157,11.6666012043325,6.686933607361094,10.828848268567773,13.818555176779658,9.327151407063461,9.741420270585735,10.046110687357688,7.9884140612576875,10.22653744164924,10.46061798433757,8.613695473740034,10.849700363156522,8.736883946995988,13.38574526864646,10.826059976429361,10.60690200930323,11.24686848443533,10.965293214776176,10.828798386412464,9.960340008385796,9.03063366153282,10.08873981010273,12.770037060927251,7.659532144051927,9.182744021135864,11.461451284393448,10.573831835845242,9.665439387821364,7.95981763488547,10.33273455135285
S153,11.975520342432297,13.890119411197114,9.014613683828077,13.05389827992865,10.544257789948691,10.623040575076194,11.368643872456207,10.791095338754278,11.051768776155637,9.474921295907247,8.390507789952782,10.702520523961777,10.679701892543369,10.79089649344004,9.493670838700202,8.937931413306798,9.326701477742937,10.263933393654339,10.817906971865526,10.329742160589351,8.959987238286539,10.738424825119715,11.318320230062751,9.75102649958854,8.76382249483628,8.459710380338436,10.576941221104425,8.833447119292535,11.01353167428985,11.905415036110162,11.263000580799602,12.200002840018891,8.860827717538646,9.062935599931574,12.2984937507656,9.986066814401848,9.743757298453549,7.759049297064227,9.82251635259316,10.704291781246376,8.28880911954146,7.763407317098929,13.571255751845218,9.05999791567601,7.759160580562806,10.932803365552038,9.932553581898961,9.917066474242981,10.927694021317338,12.662428321083638,8.073398269680855,9.123124106523434,8.454847653222375,10.00496514058986,13.699094042361873,9.56753019597869,11.528846124171029,8.930733224968039,10.286716078329547,9.4975446508895,10.70055894729961,10.611674378791038,9.242886974142342,9.979157630894274,9.248733663456958,10.842864134080694,8.32001331575719,9.745551395327736,6.591852703457962,10.474464394872351,11.41332115128165,7.966296205482514,8.68146748000358,11.153286600230487,8.599979205628168,7.471249714036184,10.7913177264077,11.033529753651836,10.023723805505199,10.075209118116387,7.457726091417891,10.272006628700892,8.743235123057534,12.807281065081535,11.568875063292563,10.524783517768457,8.891081939363062,7.906023966528554,12.606598596577971,10.531613615401634,11.655351347081384,9.62328503521867,11.699550169699032,10.4580368571742,9.79282330615216,8.089388399268243,9.91486798121751,10.658829640293202,9.82427460783359,8.339835863806478
S154,6.654340921064053,10.039430252586744,9.35999156516211,10.136194300096529,8.613749689787575,8.452997385824437,10.731185464698157,7.545517557004748,8.430322031308924,8.823294664999521,14.400248982579388,9.854249617522301,9.285615972415028,12.128762427052411,11.535847446471166,7.997328005865871,10.575943903947959,10.912730880371523,7.954717401633289,10.503690446197812,11.017487771695592,12.084068658662844,7.860897240498062,11.847277139457944,11.476308330624253,10.058468872007118,8.363963968086233,12.072495322107672,6.7114278626567145,11.76487503996643,10.88400431799477,10.184142218018339,8.867617912732221,10.60598648814597,8.434911128413969,9.66978929336146,13.39004327764402,12.149620190922043,9.378108997915712,11.045649816533796,11.00433241279518,5.72183841029529,10.412883390245225,12.365383897949908,7.5568121232808485,9.568922904000244,8.940327409593246,8.7722023907452,10.073730649235978,11.124370195778017,10.749900096756042,10.49169475188807,8.06085463167329,11.288325007616331,7.176947557435231,8.67389456011363,11.013634442783696,10.41902370959585,13.010253094106567,10.324402392035266,12.005807731453022,7.620346371424998,8.743111673121023,10.79992736334445,11.372788638739628,10.615849234229092,9.611721811479775,9.209153789994183,9.74894548894348,7.892681972593383,8.774641641726062,6.9015070773504,13.774625285488561,9.5192925733584,10.372627613085955,8.16571859698728,10.52297630206805,8.622378562955493,10.093753951541848,13.080004720550068,6.385456221320498,9.704956397362297,9.782238810295434,9.789572005242462,10.491663489577663,7.55671182016269,8.228490133389181,8.142199882767335,7.850996353611029,9.126149870061722,10.554098761811948,11.505361541111961,10.951054279835933,10.461406390119894,9.150567308230066,11.705443736087783,11.935539233313634,10.174621447880135,11.09535123569579,12.207160259273536
S155,11.084994992087823,9.926205916512146,10.207711980140129,10.080977841872679,8.173544177089962,10.311520248850698,10.8877338267078,9.170432716680047,10.521116263006885,10.125829225627438,9.588400535032905,8.210311046394212,12.459360639248175,6.266650870260717,11.286423471764413,9.67481776443765,10.570431363808785,10.39664339927807,9.680386328455775,9.511530740470041,11.171219002955112,9.669145227888194,7.704913035154151,8.061955747228504,11.10778710102519,9.392155469435446,10.47707835954915,11.346131221365042,10.655188503335289,9.540384377406083,8.78167772499191,13.083584258272378,10.842542517587079,6.752152277857204,12.488579684977392,11.273783578291376,12.09718067080793,9.137179406223568,8.698316206895868,8.66816233981568,8.122696597333931,10.530991613092668,10.615379858849888,8.151606771897386,10.250730896909362,10.269848420843674,10.504564194861603,8.807069819627975,10.897075586343831,8.945976990953245,10.110706962026592,10.831498296933168,8.049691325043725,9.887254092711506,7.044580545794221,7.750706126140539,8.939881154732783,12.139422961419246,10.072015888234265,10.260370579979803,12.648033267152025,11.55816400240725,9.994093581283865,10.356042449916833,9.03351612385286,11.269071912677811,10.105150685648084,9.817605675783245,10.055431360091296,10.35753943878372,13.435386593362917,11.757026572785545,9.323834284008372,10.208402243426415,9.790229121208663,10.761530268581897,8.349764951792409,9.439041777390768,11.19636601236079,11.000483443342326,9.773163994717764,11.609028525282675,11.928800825774347,11.980087991821344,6.147663983603446,7.787075494225096,11.915747005575213,12.3556041368983,10.283738006713925,9.456477630789928,10.247813613780071,10.697927293302673,11.8989334231012,8.730266499163779,9.984325666821904,9.442685072950667,15.646019643940036,10.852536849481819,9.77634051875422,11.44098942291666
S156,10.852784232095113,9.344016757027257,8.981796631264007,11.40767571592911,7.11277758421382,10.511976122849141,10.91308121549966,9.012035741731562,9.793566583048351,9.979142118656217,11.913288955065985,11.132425802493117,8.93634529335436,10.978412646947488,8.009325026509568,9.74929592650494,8.462937243894338,10.145113570151889,12.610800640301742,9.646464302818051,10.311588522818441,9.119301470988225,9.75231148105353,7.80323894655263,9.211487772681032,11.322159487332451,12.003823460182765,10.03050221058317,9.139554579302127,11.39069172624751,10.070501342523233,9.951833108184694,9.424881436505123,11.258733405593244,7.790477755399782,8.939565519894419,11.105099430412231,9.347063595300435,10.506350595497388,10.125896772304358,9.866651516344714,12.563176362128196,10.395203311777124,11.570430675020987,9.080735500768604,9.002073002121458,6.626653756793061,10.10691686016926,11.380445719193208,11.019348873538465,10.138122554232142,7.670359236508201,9.40486041026135,10.568278200709043,8.428980762715778,10.009186859199087,11.86630760246513,11.69797661606151,7.66542029615774,11.42071963464708,9.531873259099589,10.567033582887321,11.536909883199117,8.617724818275866,11.603486974835764,10.715098875288623,10.220672789950504,7.860147235127759,8.124257391999649,8.779380302747567,10.751917388777972,8.456668297623711,9.520740149981576,10.847643460743802,11.431973395589619,10.41564537766282,9.241710866211132,9.601293050617658,9.072046277148404,12.652286812408287,9.732543405762799,7.65082552159456,9.837446172325551,11.27469011490152,9.289753300780315,9.015011184960741,6.969076801390663,10.199671919344452,9.575476205895331,7.796573936045197,11.932930343819585,9.135467899985874,8.63436364996122,12.01787016196349,10.479658907030336,7.457985980478679,7.373340197373778,9.67516724687277,11.299564278498854,11.381108274204182
S157,8.464097259010181,11.683212193323957,6.390125374698796,11.085953609712009,12.69359976061828,8.19625380324624,11.654250543908532,11.254949117084747,11.136836748797625,8.382752611532112,11.735930432394031,7.299144227918975,11.918588715161778,9.485908159765595,10.472330041594116,9.532809565219122,12.106726316777213,11.34956006364966,12.980044447806407,11.493077756983428,10.16838653504614,11.171907217030805,12.548381876993087,8.980096841911498,10.76215958463276,10.31835757040093,11.238314433906421,10.715927867235223,12.501445867733885,9.966776489510472,11.928922657624518,9.996022264850177,10.179418897339154,9.503609737749715,11.166638244805014,11.368437641170134,10.535694170162,10.748875129873355,7.668689692876224,10.36568168453464,10.981732901326026,11.059778785555686,10.032548968606527,11.29234514739092,8.675510513264484,12.945603168361188,10.197964268368908,8.10111699925939,8.809421301614927,9.441438305042634,10.57932937002462,11.130300224972443,11.622882309010839,9.475468425873677,10.426392167639404,7.62224058533024,10.606838897971036,11.34053126423735,9.908524312615038,11.167693741962015,11.983234570466148,8.543917180357811,11.146890382493433,10.938963729307533,8.774768537765919,7.944892202078579,8.80850670023245,9.85413800245776,8.632624912824907,9.349803318463966,10.54360773026374,12.406453496545529,10.80011712999521,12.311496386996245,9.59296980252173,9.599734999451714,8.457117763042858,9.97028931971908,10.34946897756711,13.882762889514446,10.1713296584823,11.352417838636768,10.968420290223431,12.410791423587574,11.295210207755659,8.88398626215451,10.160292272010517,10.837326144840354,9.931005572242148,9.590145736074826,10.084271439393538,8.004433667746243,13.257558812414771,8.249902578612609,8.942951309413765,8.457564792836004,12.32992838092749,9.932255906702094,11.063185587954656,11.235434916532112
S158,13.859013707934745,9.673281978253929,9.536815720250244,7.374164278329587,9.216222607901551,10.02819576776952,8.156923037124786,11.210369935631748,10.751889591201422,7.982322175950397,8.960849482451735,10.050118253873338,10.399363511223532,11.317780171397496,8.995000089598031,9.57751487026459,9.55289150601425,7.341959455071659,10.323749139696046,11.027667232314355,8.276604170727735,7.734594146147799,10.061300912508443,9.521904861589826,10.683299522984523,9.468656687041813,10.268124789167134,9.213588591683047,10.403833342726784,9.576375754469321,10.62870795029918,9.543341179913314,12.498295356817211,10.865851166327872,12.031173628802168,10.357544730199805,8.98233592778361,8.340928428853793,9.842939416817355,10.708520203979774,10.178045461707253,12.653738847136228,10.39466301586063,11.04509576161672,8.345221024032123,10.856561638954968,9.638357811766204,8.55875878381491,10.502689409927731,10.153261719314681,8.398513936886172,6.053961909140168,9.136396294516064,11.873959331857646,6.746540905139747,7.814407050553765,9.855007103204171,8.404084055624375,10.547433036862483,13.26865051601921,10.537642312190009,10.17743453497371,8.973179440182928,10.89866720739597,8.373983337207294,8.716776205854094,10.234283991145952,10.124897837873739,10.660474548788448,8.902287854160985,7.4467096132915165,10.379395195837962,10.679568328279572,10.534270693220364,10.503803354008959,8.765869329536201,9.436268021455216,9.603686979506397,10.79198758065179,10.85821760159411,7.4779227721781325,9.851916770266602,8.022740703817217,8.337724518620274,9.825458163060446,8.717953647258327,11.45113491311858,10.122093692841904,8.84167058305975,10.09644054524755,9.620509529681716,11.696137052935654,12.761971444227983,7.710249195833844,9.0857682544047,9.06276024783693,11.471072207805687,10.246451336969779,10.931554587264984,10.464889422983696
S159,13.568003781977211,13.05815163300203,11.947098178383104,8.627279455466134,10.549593969315127,9.316838334173692,10.216014272787778,8.749566593613483,9.493011779382257,7.779938547333137,9.856789250992652,9.916397809854326,7.997175111559189,11.452855660112396,8.321080764273775,7.666259074001747,9.89415811780538,10.542964944357731,11.311114219295176,9.083044920190703,9.697423958733735,10.076320750473128,9.394627571690918,9.428305465341625,8.689739622980934,10.701675070629065,8.344330874549087,11.775567970459631,8.683969238707002,7.937530998981186,11.844483554469896,11.05801319247728,10.66651106796092,9.089205535764412,9.669794265455621,10.864612769702735,7.877483650229415,11.16106424666136,11.438003947251259,10.888833728963878,12.930349112633856,12.839472128445607,8.844167266807267,9.598421406884286,11.143706673606847,8.298359726152526,10.173748363797852,7.835723009494663,8.527106708012504,12.88947234794174,8.115070191203687,10.504997748114857,9.569275327905686,8.26183660295434,12.259495339346348,10.749666825074064,9.049231956590797,10.525318889763776,9.560823257928284,11.373240037386415,10.701269716920219,10.796705676637385,9.036988779685139,14.170197636165927,9.36588746156863,15.032752247467895,8.707196910000414,8.86774327484155,10.016481945878443,9.748954476423922,10.040558813705038,10.110546008353614,13.607164685070588,6.576949576831882,12.209406519424405,11.368346253826786,8.189768949442279,8.771642984335902,10.715350281765728,8.556673372609477,11.604763139026776,8.97590955421628,8.14477687146126,7.137621472852695,10.093439526206069,9.323540212802941,11.081207720614191,8.743131871264435,10.70144530080865,9.037735397122491,8.903725059966074,12.934938469451527,8.95173396603789,10.702988924461645,10.530041655349049,8.482810975990267,9.641791342956,12.167507492293844,11.28164376898238,11.224115481645812
S160,9.750160155194976,12.711034903257644,10.351694096358242,8.261302755333599,9.766924284455284,11.633374769478332,10.662659402012036,10.482665022592142,9.99706855920655,9.38257902585345,10.411611703254065,11.199872322755283,9.750693658228458,11.423130604557246,11.220192644820933,8.229868683020346,8.686332088126356,9.656666946136303,8.977574219848863,9.28824797624052,11.181433884580137,11.593734151261941,6.167722838482113,9.126333585911995,8.482264949625247,9.294355675574018,11.898791898495345,9.6111184368281,10.424681850377441,9.55794996794355,9.803887622487244,10.20601008515724,10.421321333182961,11.05198424634115,10.80661317674851,11.950765787475904,9.167119448931926,9.79605212698658,8.703921395948177,9.299370182701853,12.138812065828816,8.668694949242438,8.780724785941462,10.08374904246371,10.749844308235597,6.798062341380962,11.112988030910392,9.058555519469486,8.675610806052847,8.354767137927837,9.24024495876864,9.910648787837314,10.883404365252986,10.834404939096618,12.091829270518245,10.99206380505507,11.199633312326158,10.250601323497042,10.062381087347601,8.052625746398052,13.555742038551323,9.796964097257371,9.739114081297473,8.032456831809606,9.575229099326307,11.068339361124796,11.447619202907982,8.96536279080291,8.766067562836014,8.801610317623068,9.933658780865102,7.827624240988714,8.609113689562529,9.075530182728636,10.552264031131578,9.256890928508167,10.063573133209756,12.914663838114997,11.44704354202241,9.841668842562996,9.722715071935493,9.027085797897632,8.058394715181702,6.371794448300386,6.54329006828801,10.367290484058962,6.527565288853774,11.022414715803812,6.804639364040598,9.138850824616798,9.303549484799387,11.995601529136586,10.44058043815915,8.198752995982444,8.951249693120205,9.942571669987366,11.296516486914014,7.051228880026371,10.93643121207058,12.5142972071366
S161,7.050160960672432,15.215606417584162,8.705227659090168,8.380336370622292,10.205931655574476,8.202325937797655,10.578584129487645,11.100724826731543,8.630224705136447,9.210211098544017,13.088570010134266,9.121796704438541,11.697315286031191,4.887513508857943,11.152264201997033,11.40504478119836,11.289728958281275,9.539186669413855,10.911871212502978,7.63811893899671,10.44020228044883,10.942289986070042,9.042554490762672,9.513433149138676,9.041011675930294,8.567591943862833,9.393358236328966,8.33022207467102,10.170982489594174,10.16198718544858,11.428742338177983,12.311748590505278,13.11814004001674,7.83134236100959,8.762212306492803,11.7515160223913,10.70322888194732,8.833520647478021,7.860580501912903,10.500095694154991,12.184155024655482,9.826891120567502,11.579497794418652,10.740523861371198,9.932301236834437,10.76616762084684,8.964902068705928,11.11552127565363,8.579649884983857,7.845646632566714,9.75844012517747,10.071093113002384,7.85316740343867,10.32271279508267,10.945421606917916,10.475962649027952,10.171698232352009,6.9328368370865485,11.409987791390186,7.394192977905694,12.539089580719011,9.085315502248143,9.587298344243546,8.121330707461512,8.960298585783816,8.840936920614906,11.046828860953354,8.523035771006638,11.102191439123368,11.093997405483549,9.343239597907615,10.554167023494243,11.630620313414994,9.188026756755168,9.392908252485531,7.456509763755598,11.197151186973215,9.252649478817922,12.215353703287974,11.607712148412734,12.369387565513948,11.486406162347238,7.709356954194803,13.405624753825212,9.95498794675184,7.845706116842029,10.508159797698537,12.258589280357745,10.309377071919391,11.428040843336937,10.448453862442648,12.643432665502662,9.8076920544236,9.15042622406303,8.529331466711941,10.308874381302006,11.990360343692439,10.760278823006052,10.102686191012642,9.900394344484544
S162,9.444352689988387,12.227858793711366,8.57363094126487,7.511008125218849,11.728127457285613,10.698934082097265,8.385596028079181,11.008513150069374,11.325850766915934,8.775990262960145,12.234298762807489,10.313050118695626,11.706066756402635,10.932389749864175,10.285029439243443,9.757730403024333,11.304015019318268,7.68531671130085,10.947041431161205,10.496487947071985,10.576236347298646,14.67718811026795,11.163102046692485,7.19187314022779,7.97056969876242,11.027141186030887,10.03777424020975,10.45320587320215,13.361383429887468,9.681816895173904,11.293998616520335,9.057866022779054,10.712547975521746,7.581498503658069,9.00208138414118,11.122621709633158,9.659633004130423,9.069506238254506,10.803569948928818,8.64328771847299,10.343281627785787,11.432627334891082,10.364583986981872,14.05215887054227,9.698675511738527,10.601574426709858,9.786023934092627,10.449981392014347,11.92800439668666,11.07489124691363,10.824504404080558,10.747799210794781,8.874708342964292,8.986461399555306,10.005697296156534,10.281781841847023,10.180851052006396,8.987654310541522,10.07800893186787,8.748229977274843,11.639616464724948,9.392985770092078,10.724576357188859,9.592578143517798,8.834449649693061,11.328132553907954,8.938646979524911,11.703910846810748,11.343853821906821,11.653791185169176,9.385906877149573,12.286013434020937,8.715840511316241,9.640463949668552,8.822631210428955,9.923872319668643,9.118104473874014,11.066071968683413,10.053284939820315,9.70486846328413,12.503565109395872,9.631827998407323,9.832718147695356,14.606826347792376,11.503456125628622,8.061440079725644,9.364036024645472,5.028585382278725,10.317578121990985,9.158996019341476,11.055899467825165,12.768120343994001,10.89207735680499,9.519603569784824,10.80774960643449,10.984990077807883,9.290377946790693,10.794140445781668,9.965630924396422,11.07894777177499
S163,8.911263889185294,6.231299824557491,10.448932197794539,10.665710321092131,9.334235841951285,9.781459413547113,9.86864056953214,9.937822330013171,8.549649623103418,9.891628410346886,10.10923751350368,11.727642335950026,6.596770819675363,9.227637085415159,11.831347237107607,10.372325354958766,9.316062719626778,11.769208666414823,8.997399792294425,9.916821602258302,10.785772135218618,13.011011575191924,8.1899024022021,9.394983818128896,9.67441284268207,8.814044675758838,9.168516450093048,8.36523409867905,11.767632199345277,11.073921830653035,10.590333724365564,8.189859897607588,7.285056326821989,7.960387338765905,10.794454735413012,6.800266138681394,9.663849670644497,9.75197508927416,12.228062550808112,9.99795069214142,10.407996878082972,11.092634114236368,6.723090284418874,10.265592217297224,11.980606233583849,10.080206350713386,9.00414172414748,10.260198711170345,10.553267545287623,8.595416627000972,9.987286073037398,9.300852881502104,6.4104380476083875,10.017715792191604,11.370937897348183,11.215033844019468,11.841357568491377,10.181407727350685,10.513857194905691,6.335013714306231,9.671983311521725,10.300129508862865,13.4702954530426,8.950146801084609,10.749970134610397,9.427636000885478,12.519254034970139,11.964195630638004,9.638146295478366,9.667644032405953,10.31070748092634,10.066496526242888,9.592645647966801,7.486323230941451,10.109859615321628,10.662553894433938,10.804224337107698,12.634111730367557,10.180896809337654,9.186202443165605,7.650622885464429,8.522456661281849,8.191542253686952,9.60237801084673,9.138204637292668,8.904834533878615,11.27243582926966,11.361996290693089,9.692049963999827,11.569443254500863,8.797894549390065,8.815269131723857,13.116933485728595,9.929168383981366,9.10435574765937,9.908963673171165,13.808064285913277,8.718064517946406,7.9817135806654935,8.065359507302881
S164,14.011722138559753,9.788604202254232,12.220917343960338,8.384549761096864,11.117264135413162,10.207525077112646,10.213643742125969,9.124069506619492,7.888372447549232,9.961735110759621,10.789432065987267,8.294326819034017,9.725416809062253,9.363679526023985,8.751030752009038,11.285070867329905,8.332649996207145,10.714753382479373,14.815130801784456,9.027657646562648,9.546225195887107,9.195136884522423,8.57340529460657,10.853802962409606,10.286706901709294,10.703271919997928,9.74931888655299,5.937783532933969,7.762955043714082,9.597090244372728,9.391321663159035,10.172823317624179,12.872771752676162,8.24745213577891,12.718729384726892,11.891477496489959,8.397541082150546,9.489303272614066,10.745923632365892,13.455417644363695,9.77231551689387,11.765480189213015,9.569026896881455,9.29518878281222,12.71479687686905,9.902292126901774,8.694652196599733,13.528166626234416,12.20767091933092,8.234741384711098,9.015968986826548,9.702923431276108,8.588158858853937,10.37936793139959,10.6617459555331,8.358248457442393,12.754589730458761,7.395561998567661,9.808654050137822,10.718056753970274,9.737615869868995,9.87971950434429,8.520934920168802,10.935643494945158,11.049819160884185,8.223278396497077,8.94772657538508,11.200165491518137,8.371593788633394,11.259902748694769,8.545898546086859,10.750514638017771,13.09718525695178,10.156151179133863,9.187333329585346,9.378253139947464,11.357271553418347,10.513784454956742,8.287071221732251,10.18856001039644,9.231390468947186,10.206112347692573,8.82644131805988,10.114254502793669,10.72792628995198,10.735726381384731,9.600759850905943,7.209969763091767,10.02056366004997,8.412708109830419,13.316820353999066,9.148749942357336,11.281901496475044,9.395202794729027,10.420334688515368,10.773611759535353,9.461827228001198,6.844993982810241,10.896321667842644,8.384324645581371
S165,9.127488219001041,10.380949261532134,9.947647031573457,11.50508878115546,10.493950368181368,11.76694529427171,8.12302995607515,10.567560538459812,8.8561576821795,6.197611653477438,10.345708236955964,7.5032517906465195,11.161154273873453,9.400854641166521,11.022781224865357,6.454949594240279,12.282503218644694,8.457566614907433,10.040971069543046,7.507024372665683,6.859281336387792,11.980294012093239,12.635074216763792,8.438209605947291,9.999666334228019,9.961432978741621,9.142025252379542,10.514802181252595,10.308708802189013,8.811352070642661,10.848349446815059,10.805897897040566,10.648546704880117,11.959003388484106,10.614860613813471,9.752783230310074,11.151598316934463,10.84605412550364,10.860579583772516,8.496541845230434,6.986597593827339,8.614646668758969,11.070526407862781,11.801400269144269,12.209005273570963,11.613192000709633,7.903220136707171,11.057319541512983,8.166079786023246,10.057522424395499,10.420383404015382,10.30367701445466,8.31600651437393,11.809516707983295,10.457440481052645,11.96098161311313,13.008727784354395,11.097187736590751,10.17316790230177,10.789291789716916,10.302378838446122,9.34089624446545,8.975919453911802,10.446917585108256,13.494096937247619,7.972000677825281,11.865791810422682,10.776901431813725,8.50206627620597,12.849607973931821,7.749066239281201,11.141216403583881,11.775023070601948,9.411096917250957,11.00910320822377,11.427562721093595,11.108750208492381,8.20282280880681,8.836729026073392,8.797906542120717,10.87496006560366,12.365595111002229,12.443459032733813,11.256630663368705,10.076673525291072,10.929546469566615,9.14525851568011,10.181444105153533,10.197775633568169,9.284333332417754,9.352459974835831,11.193653246113104,10.779682220015632,8.064117169239598,10.969078018262417,10.8089223444478,10.953264304717171,12.106619696191668,9.709408588220585,8.077738819883052
S166,11.49418902320517,10.500080932150027,9.74367978009076,10.432266702950248,9.815312412474462,12.05766968119531,10.570479436740339,10.470198381986028,11.345270425487294,11.134149088118255,10.921751190908042,11.959303510006329,10.8839601833676,12.250971693565777,8.87895182331469,11.407262492902841,10.830193669665292,7.660174962304808,9.187381011335283,10.608747005142796,10.686700136405213,11.40197429507695,12.699573502391893,10.179876218389737,9.978368624413385,10.526874964673407,9.784928127017736,13.014479995773005,9.426256538262805,10.610236387491607,11.286230321924007,10.538324146647644,12.745447101640266,9.862058811327302,8.798492141409373,11.056117020265798,12.381055229548409,10.962802234684903,10.978778908301752,9.038350292299453,11.289918541871456,9.67898798633624,11.15582400447277,8.899013611103795,9.493655344675215,8.616579642996118,8.622296192448031,10.51736592943024,10.254342537783803,11.029823169428978,14.68851106790877,10.690426460792715,10.901890498035982,8.24768331097711,9.450966447524035,10.20325443980468,9.924581159940937,11.865903319229663,13.40851168561669,10.309321657222256,10.151970415914468,11.49437830478583,11.727691633198335,7.944377067976703,10.754043750510744,11.216983232779759,7.425468995138597,10.433231117928104,10.766326908667747,11.080121076302323,7.35879235782817,13.742939359060468,9.450524614896164,10.015230055115168,10.205125509573291,9.625507936536644,10.44226252009612,7.621178444458142,9.860414535724795,10.073118872062324,11.484115150764044,8.54905959872566,7.8842906259998635,11.335561121055392,10.20447000901923,11.050396399848966,8.808896398772738,8.564183192468219,10.594612273770426,10.078537749042175,10.561625722743276,6.193813107266927,11.448834209985312,10.389284065231616,11.907216842016142,11.214873852181066,9.973511249375278,10.715037483912518,9.589349716068822,10.613337408324963
S167,9.757838453175307,11.300608679353713,11.542702071824143,7.817349478499365,9.099593012740709,12.08064955292442,12.77891273360983,11.807237027815635,10.675522466879537,11.790130142835705,12.61478620551072,12.454706557668416,8.852027351052428,7.167467788098466,8.859141252253815,8.909371059569027,12.774081330119623,10.194273247587574,8.113826392496645,9.435190685418023,11.697373386237231,9.734277919353664,11.710155245138482,6.764135270155527,10.51032426418672,10.709982449780666,12.062730533823952,9.391152326995915,9.433802186490455,10.53302175305182,9.985893990001994,7.75234390964568,10.562825669471248,8.824163168911001,11.828416704751703,9.766503521973675,9.608078340385564,10.882636931370413,10.390358909526553,9.78374556433703,8.566423468926562,10.211618106018213,10.34824736247146,11.648584806069428,10.114971951556816,11.545348391541047,9.125094807746278,8.932407276324515,9.251739231431904,10.53072272659697,9.331600186743028,11.475636864374298,11.167885578378868,11.529511223702974,8.372206738546286,8.829347546077042,10.863638402432194,9.105423233005293,9.920900278048256,6.729614338467932,12.29715484579894,7.702574139656029,9.31152679509355,10.333011596207191,10.444305920933727,11.754901975647586,8.160928434083788,10.035220433145739,14.12180367790631,8.078427086107283,11.693649485657524,12.030205736644497,9.835908045638028,9.483969564980335,9.107390983506015,7.812492041343189,10.860529509333832,11.907294212093353,9.695270922422408,10.617632875083938,7.1288520494696765,10.176308551088109,9.29780019253157,10.906314713113646,10.281560696540435,9.015331311451735,10.292467745331122,10.346239196453004,10.88155653853605,11.168476733209356,12.216673852882732,9.140097695776081,14.203892035485953,5.69509201912275,9.730555133060424,9.59288546844053,11.321404496185664,11.05265716035591,10.14088952680531,10.102917407801442
S168,9.308255626802817,10.327449852710764,11.591043032577971,9.593303624996299,9.574183518502702,9.079306408894668,10.688139472634603,7.324212696115737,9.486527800288396,9.107203285647667,7.659504416003357,10.957085697188372,10.84381900839549,10.460839553882352,10.636104690633013,10.467531061327273,9.54351799396824,10.480991524674202,12.705096440407763,9.684187085899085,10.248144206279042,10.93017049949086,11.570665489105235,10.505023185354286,9.914356373909161,8.520646280200433,10.855054470903537,11.87661871736166,10.781171562401441,10.695765396706827,7.643367931815316,9.977248138719274,8.719341315049114,10.21259551328615,8.091433523810327,10.579019846799929,10.879432367980371,9.101974577580656,10.919026492692515,10.752820716833918,11.293961844241661,10.30036796077862,10.947830253307776,10.39300036918315,7.111439416875164,9.820475785940078,9.006308065700056,8.41309493430143,8.581927152119196,10.966720412650634,9.174775525906053,9.547101942223335,9.91320634804662,7.817786089833003,9.883606362730141,10.70137245467367,13.553662794057923,10.19895875632214,11.171343846251656,7.921556209623608,9.77219453472465,11.168955285216633,11.713085742399088,10.805682065052459,8.375531711609826,11.248239491642066,9.703314326065238,9.468731990918965,11.441643658925077,8.564427290208458,7.955242548188832,11.438919894023355,10.379716265040337,12.200046030037548,11.625717764535757,10.455177621254391,9.372310711114926,8.622692851826992,9.04154560331682,8.722657389408482,8.976782405330631,10.151940556601271,9.087049041519588,7.339623057865264,9.541298455551855,12.009987687517983,9.239235578405353,6.820262818963541,10.018191482556942,10.919917340555985,9.563081669650353,7.8262278843853315,9.313787626984855,10.284670239935947,9.994036990107366,11.856243564448818,10.38856275602791,8.641205653208335,10.375152948878144,12.024125833771224
S169,9.827610510966243,11.2394576333317,11.041391509347623,8.703264842759706,8.882088345930676,9.481193245987777,10.179672327552522,8.884280131268286,10.780630862752075,7.876391933965978,9.92518262682677,11.585775291265627,10.353692468163935,7.070127243150308,11.241639040038985,9.447208637885895,12.13775242716248,12.968423737501226,9.162337653047924,9.593805265806632,9.524394009852863,9.88413724179379,13.750578048190597,7.257459511748188,11.405971622999484,8.801540375173015,11.689977398696044,8.718411682282385,8.933165126677553,8.842544138269679,8.870955230409649,8.916071635088958,9.627498039114904,10.156988618634985,10.21749179105949,11.519430346058044,9.469001945039563,9.17208067521099,9.381147188838172,9.06972670707059,10.69330947711509,10.492453979719434,8.45562230519976,11.050214887176352,11.757563744103239,10.929428018987194,9.837770409899514,10.248983670059545,12.765695723539714,9.053312772061815,12.420041388936756,10.664520568970765,10.424233715536893,10.076013713004386,7.259653656269496,11.444685635458574,8.6958321911412,9.922160892369673,8.546033223029646,10.839303898826804,11.671608320892226,10.98227266415353,10.633505445613778,10.546998918788223,10.86608799523154,9.291126639545746,12.524510042655773,9.385796572351932,10.483244686126,7.555327455220429,7.769192946168017,10.50116728541613,13.7790101784531,9.52656283096124,10.770792526775267,12.847097070127981,10.352131074360651,8.757876977980972,10.199197568023465,8.96116182734781,9.523263179996801,11.280156858015083,11.985609758465475,12.756955730499083,9.94854963562322,7.690378101925259,11.73055275108978,11.364578244725132,9.791335743624142,10.136287142553709,9.143393068123574,10.366642969329622,12.098373611567142,10.561867161109783,9.807724662683933,9.828909040865181,10.316612047526274,9.399181997531771,8.994509446249975,9.457431917867858
S170,8.895180071182256,12.89981234440532,13.28336050738461,8.943178029067013,9.2064913213649,9.92778211551816,10.156356548207548,9.562076826447901,10.735771822189163,11.95322451426468,8.361378999945325,9.63426320286532,7.971522676345032,9.288289565021202,10.767434863820828,9.72965288492542,9.697455155348903,11.596473272571577,10.222417455628763,10.992705245932285,8.966481153912246,9.835301404530052,8.885247581408954,8.160629509096568,13.027365193479987,8.657412324891288,9.190901998578216,10.892267848797287,9.70895452684154,9.947031868206118,11.100506619120894,10.157657456029005,8.697421090589742,10.743630682999095,10.40428114416743,7.982518675338883,11.316206927428647,11.180327924614788,9.80525749054152,10.195573249524989,11.30186060329569,8.589655627413771,10.094635524698617,12.018037708321234,7.027033323740379,9.885201930215322,11.119632423003436,11.560606118142193,9.045926810993786,11.237497737563242,15.409009291244981,10.370068398164296,9.99031566980183,12.565543690573758,9.734717997644273,8.571079165522917,12.496119748345842,11.606752514096451,9.515609359194288,10.271165695581422,11.42303736917714,9.698377434601875,9.586300191283788,10.895291576031024,9.797209680196517,8.807587472521009,9.864890164842922,12.843054932413011,8.952450138779001,9.86095487546338,8.223085074588209,10.535497335435945,11.958954113418581,10.857058112954343,11.7787698138949,12.190989950660796,10.927634120289051,9.070912829217173,11.526092862551636,9.490810354433492,8.43597028500297,10.390227852683594,13.45330765069531,9.563337052594992,9.520582724955398,10.455053736145748,9.254331052470732,10.552327963226926,10.932370641165786,10.387005974262859,11.19471191164133,8.970440324789635,12.607337632583587,8.244338834616123,9.542186081329419,14.64407411360326,8.916597771982225,10.366516635048868,7.39882719780551,9.589682157015133
S171,12.21736236217155,9.764516477877342,10.441745755323877,9.198318345451735,10.966272486841872,10.838239112030273,11.745936413233334,7.222704824169125,13.168120374930806,9.319261928542032,10.899800892051278,7.49366905894566,10.47983337496833,11.233092048832189,11.130571429779845,10.866637976176332,9.315342984092961,8.251273461449266,11.531225812177919,9.045571859933409,9.117933962762216,11.820590807428696,9.633500052864953,10.631756892177192,9.464951348655374,9.647153276829584,12.467532526262042,9.841179539539848,8.689552518267671,9.324121859381414,10.239637815572452,10.393649233816557,9.194464949058009,7.982426112197318,10.826183506314049,12.187035433575467,9.42453099745864,9.272168088633526,11.23904698636666,9.00405498312143,11.73647757890625,9.461982015465395,10.683764358735385,10.372036979995817,10.599770514612326,8.898058812718412,9.743928736035931,12.911519520623044,9.528275786335332,11.803760764665903,9.823337539912682,10.069882311183274,8.132706681364992,7.628655095651417,9.096897148655911,12.860389020936944,12.648743791019182,9.617445354542664,10.573826956681135,7.0183544384458925,9.870827341744835,12.50240411686232,12.611959861522875,10.366060614094513,11.77945900015876,9.398336174226685,9.96803930422475,9.6607673953605,12.152470595721939,9.974067164168927,12.172548052707539,9.67934476434021,9.753683372656502,7.088113347883251,11.259454000994504,10.304881751893204,7.80985430716615,12.81498925639577,9.337676412914528,10.02309109042398,10.153978060880847,10.67700057895668,9.614242081191694,10.978275158973629,11.062587810073092,8.506918452787346,11.566568136580662,9.977006144344093,11.36444263916278,11.378182290802412,9.756266170866283,7.858928195958466,8.337711574400597,9.414100315927163,10.650697959327534,10.297343924360334,10.150885085045925,8.903997319588033,10.561407440181942,10.98255548323254
S172,8.46478570622761,8.181724606254452,12.701335962546175,8.755389985252508,11.242499175900198,7.676105921456463,9.972090164395247,8.491423724385148,12.32141519643153,10.43784753334044,11.279747743851662,10.954856132555541,8.149315358763303,10.374599162432672,8.775684876269374,9.143446159334179,13.070785975261746,11.316716672347738,8.589020536574019,9.256921193970264,10.83059831267287,9.360880384926519,9.51468939081513,11.455898732394918,10.854674388449334,10.30284644618365,11.839582431621494,9.943573589266363,10.997196765879382,10.422918834257983,10.05358264957549,9.450560512667579,10.98601864665848,7.860173105117816,8.752778303111796,13.322597677262301,8.680715136944524,8.238025217593655,9.068752609020565,11.225800122893602,8.221362103075352,8.206173686005327,10.670074713592825,8.416806600697868,10.996677647973081,6.986424271817454,9.159671893391392,7.407081385679612,11.04128900414812,7.881850536774577,6.872818265007636,10.286696375241087,9.195973849161023,9.576859950622815,8.961318923387882,9.68913671625637,10.267490827678458,9.965032072072647,9.58152385204334,5.38346007650462,8.603940171315367,9.273337066917941,10.867666541908651,10.866980512230413,11.18543748478665,11.019064814343912,8.8106058367474,9.472464169889678,10.327669695573226,8.755362030789204,10.415410618337473,10.364725536624364,10.33271542153491,11.625146440089868,9.22141535341912,11.02953520250384,11.023582441043112,12.86773828968231,10.565428839236702,8.200670301140248,9.145775269826252,11.007370963819756,10.58189490203892,10.530433103483006,10.044476355542736,9.69794433805548,9.028372002277512,9.702074189891542,10.377025597309737,9.307505584083644,9.808898196305243,10.940025852930344,9.674204138411188,10.257854258587846,10.250133287828522,9.294208471876036,11.567705891390958,8.408654449924157,11.873240586490404,10.858152620648951
S173,11.049361470839983,8.423463911291961,10.811745874424934,12.264872030066943,10.092810656629233,12.686522461988245,11.943857856949654,10.997028591914875,9.335752519904366,10.108766395124245,11.060275246959579,10.104765368073444,9.294737231216313,10.440002975662358,6.668512206648922,9.025343941623438,11.649819767657974,10.68283516964435,8.445475881891486,12.199941448837514,10.353828200144854,10.830241738618842,11.097800114131912,8.24524975247305,11.119570759388374,11.343766751622505,9.700232573769984,9.592036002944708,11.060390109734584,10.311547626085755,10.137420156327535,10.01677362701596,11.464697678409632,6.882404304055572,8.065326723086278,8.884628645398347,8.234432493983789,9.725776347128633,12.103774180379085,8.95990511829405,9.833321390147173,7.568748902598219,9.174797264699967,9.231527590289575,9.648981720728623,8.756489827958447,11.51635732685109,8.788025282994472,8.3757577504266,11.634382205322563,10.013790033561301,9.346624423579279,12.173462209350124,10.062531032249037,10.73436285334686,10.758072899439627,10.446939147587695,11.308991201524789,10.0186847880803,10.292039472894468,8.706625868571617,10.290799138825454,12.578643702187911,11.460531524346422,11.095693455657411,9.30229980838986,11.423617012771148,9.168552577616607,12.077020373864002,6.943200163290913,10.455076158380736,12.271148157661035,10.693980741087785,8.362481572662334,10.285983805798574,10.097529047563611,12.596389311883636,9.60356620972882,12.163213991785106,9.133382577151249,10.491812747633784,10.469978201276831,9.536878457209626,8.942817939744945,9.790223662472469,7.533163659898164,10.775623467243115,10.405843997574747,11.630269533609171,7.901452956710189,7.166216648820566,9.095947003106385,10.128148807680423,9.236655034781803,10.709543533324545,10.726594222664708,9.590735137315221,10.521514767485906,9.996762180264298,7.7531935307716555
S174,10.8760680784578,11.62859483128594,10.81565154997923,7.9927087197748605,10.704455911062528,11.49248351678661,11.248484660287149,9.82115637023916,9.440233804844445,9.945921046964926,10.025344439908226,9.437469949545049,8.969813756477123,10.74515830261645,11.979717419165025,8.54597429010017,8.699172674230981,11.75977221150329,12.365969011522889,12.18413027211794,8.345592954571323,8.670341829204139,10.969094082481144,9.567419889421286,8.717119545505053,9.185981889017757,11.290925918386678,8.196124068306487,10.446547648607241,11.979729389665824,10.362824897318117,8.444173630240515,8.589501111712586,11.812864808954687,10.776359280068583,10.392767697492435,9.294042941900482,7.804226981949937,11.524059273119052,12.305581947130289,9.4521390377651,10.459118921629534,10.734228373114249,9.409272733732378,9.510613486865918,12.391126993311525,7.900145755714715,11.915757414865222,11.904157643852242,8.549717397927449,8.787366906302145,12.405024358743894,10.642783748406666,10.580232789556653,8.03676623062351,9.637407786184259,9.649071803757526,11.432705752736322,7.352138359449681,9.181077767370361,11.022015271395185,12.973426265670737,9.328187189471484,10.66451470260351,8.109423395856304,8.058983267380201,7.683750495383163,12.780903204733256,8.522414908765219,9.234012484818667,10.57542142561594,10.245374838375533,9.005920797495554,8.138436210793978,9.030897423487623,10.611884063039263,9.262419328415174,11.555581231541545,9.488184437017685,9.665230190559907,9.385615702618217,7.274364830731898,10.151889355079362,9.271731053232378,7.791756995125677,11.386002136386377,8.369511410379836,8.80863384860923,8.216358956621818,9.27574029073573,8.942880131989359,10.014304253085292,9.580523546482201,7.990261016211122,11.720614822756477,7.508879312440785,10.800403867091395,9.701885393672175,11.84818487765028,9.652808344787973
S175,9.498982460332428,9.763182902567186,9.682100130464434,11.190641670522194,10.326120455466745,9.948159934858534,10.471414495905314,9.426325943643139,8.403869344918155,9.494200124652735,9.499032708205982,8.476089783024399,9.692194009954381,11.82258238931257,10.372253403842628,12.793768069605182,12.553817586989819,10.569156935431849,9.249677338627615,10.54075215965277,9.004615061477956,10.136889559069697,11.335312598308846,10.984264845673414,11.044567095940117,10.466301248274439,11.781131273519016,11.5949955990185,10.465413116779212,10.013363567717565,9.880573794479309,10.505221757403433,6.930021412936705,10.654747074046734,9.647576888122199,12.084902424810386,7.048171529571199,8.91917001121019,13.16153831825704,12.519271793242659,9.392549120664281,9.046852438867178,11.775523760624607,9.303759219217067,11.874662964371138,10.953364485109937,12.05203168323807,9.643438375989199,9.380221587306158,6.159833303214263,6.2264544557062775,8.95187404918109,9.887207023961025,11.618986177380116,10.308302290483496,11.761202276091767,10.931345150238862,12.725408597876632,9.434720140874497,8.68599802563861,9.381694724936894,10.379677777429482,9.420641245779631,9.927949342773701,9.028281146986552,7.81980568090475,9.258052540641938,10.421679715789093,9.13019890338412,9.510823817818636,10.422098596786222,12.10436743994302,11.277082653006504,8.831151608554737,9.279781282895058,11.501706364445637,6.516812716184211,9.337878297880389,7.984505780187768,8.949225764062911,8.625796436522938,9.432286920218719,10.338066822260505,9.478623452011714,10.52662368898751,9.627997457117008,10.286038952321443,10.0364671128987,9.856420048710932,8.68209712283548,11.391525523329538,10.143223373537184,13.756496532712422,8.714405108232787,10.488635299154433,10.902189823525497,10.210546359173158,9.948141855246137,9.695075757414461,10.822689876649587
S176,10.173634185512848,11.473564581268933,12.4800419224082,8.2023005002203,12.203108564619695,7.44651506443139,11.006300793582009,6.750084274514425,8.10562705567427,9.79307683330436,10.666312504307745,8.786962820818147,9.248428495370584,7.4206822210761345,8.534528319198722,10.718326066289315,10.739094641038907,8.256285722010698,9.665338487951779,11.223721739782121,11.529023290723066,11.581563401934407,10.659248224972163,8.471624826831277,8.568123073292108,12.347387882517877,10.778873309956175,9.830760423637518,10.283266182611904,11.448933559509275,11.680675136612408,9.440951582986607,7.142168990898288,10.819441445539994,9.52396675490128,9.47099475934004,12.881371911867042,11.6249823066258,8.671901116697697,9.398501659300772,9.273415499289504,12.623567412882476,10.2051080150584,9.995593276032778,6.824396365654456,8.842139633361525,10.6420391692015,11.31671032053645,10.070564491402754,11.97060340790463,14.972384083928677,7.64294248372755,9.501050886600414,9.758587283145427,8.86673982396935,9.648891300854263,11.566234231954002,12.422093683470699,9.804215199886109,10.946500942801412,10.79036238076363,10.924539873411854,11.442412619556466,10.813022354522309,8.733943875811182,11.163039306343151,9.446853335521961,10.342938393587012,10.64374665562212,7.064208236930867,9.34774697715169,10.759124656362012,9.965200683518038,11.732027274315922,10.91199407837469,10.035506694889039,10.25178359650942,10.162831815556599,10.061301174734119,10.555597278217252,8.80522271544728,9.049743579904492,9.256853846131321,12.123495724350567,8.44071222284744,10.903701836531143,9.081787881629152,9.307566749800204,8.254964101285971,8.380226790979828,13.768521087029857,7.849701350246957,9.924774467068675,11.476649746915067,9.036373883509551,11.031752677798623,9.235494306657056,10.795122327921264,11.634676024503221,10.520977772778362
S177,11.199075820226454,9.691621060075923,10.851933933934948,7.43922518206595,8.099965902735436,7.965776678161657,6.897909110414418,8.211792589563427,10.227872113083453,10.071967141197083,10.531470737985178,8.521699166319085,8.614174159027508,5.855635882220336,10.718551831047789,10.975831281387215,8.935817847757642,10.304486395596417,9.721824600421105,11.893785726711702,10.883737540465193,10.166647026801353,8.509654925284329,8.992848443442245,10.593528537330611,10.167674774487963,13.618425132740443,10.638956535663887,8.6543843909576,10.067449867329898,10.742129619055957,10.31013345429156,11.344703427950872,11.28280887415577,11.840395548868441,8.141538533675797,11.920640478843579,12.780992414805384,10.031311115802483,9.825216325112859,8.17117312963745,8.359971209261834,7.368203090533401,10.223882643284327,11.404846697005487,6.987743349271396,8.808545096882046,10.550935344791942,7.806451589606879,13.670924888402634,9.626276735395379,8.768786818373696,8.587642813466525,12.344494060477148,11.137804888338993,9.8362354852644,10.384270968585223,7.320164797687058,7.62207223819153,10.227648812116609,11.09755216172114,8.676628811023278,10.868147916789422,11.807583287955564,10.221592604949965,10.366433604330705,8.117597473513095,10.788834956101704,10.021800770601363,10.781523299871429,11.045941201655879,9.209920373831114,10.90315853010939,8.999834615361857,10.174932893375967,11.441276036725114,8.262587808172396,8.727806426191707,7.872237208667281,8.862322364927921,9.778953929917515,8.791547336575377,11.032836698745472,11.889358801786008,12.783244386705856,12.10919386833037,10.169746526060287,7.367530007959236,10.409768089754497,8.284750757528403,10.218907889358569,10.957689038802515,10.138459673591907,8.11300586520377,11.231246967443967,8.629675943137784,10.295313523285293,7.579119862177683,12.347792231766773,8.285172388457134
S178,9.364161176810999,11.23929580214942,9.975375468258393,14.388101107457528,11.590851595380354,13.064798302200153,10.835424969312415,7.994593869029525,9.070993974309525,9.822552863427473,7.850010266282129,8.906226434743196,9.182455601726264,7.661454813326873,7.700048549976423,9.466469516368475,9.541298031877512,8.782859993143585,7.8856104113103225,9.82488146520338,11.138155244790951,10.682517775996677,7.427758185696182,11.705982164928242,9.473597593855644,11.482891169113138,7.871749118754552,11.566252379964835,8.535615614404179,12.495022413046438,9.451994445652174,10.077749266489302,8.826665236761448,10.404318957713565,10.349463616429619,8.530945177965013,9.599581811744766,9.893923362446197,10.742574428993391,11.848872756387683,9.283122229422341,9.524122227552077,8.102991762908568,10.551350277541829,9.214366416847316,10.334221391402945,12.671493913007627,14.065371042438489,11.289592674230567,10.324548158076471,9.566061303257273,9.786119372039742,10.038230562201834,10.249049847689188,8.285541033920248,9.972003818839237,11.469561345234997,8.946445739592944,12.233767635400849,8.767303674556423,10.716713216639823,9.185563759577885,7.775115754646336,11.519865501751365,12.033520226308815,9.94027069772407,8.519988702331403,9.847361559982634,12.942918248653388,8.312835475624468,11.660713440850627,8.13188510941039,11.633642310002735,11.80015457534875,8.766036178233895,12.28857382877945,10.162669240235829,11.38649961930491,11.255475497618404,10.733675961460378,7.501937736180087,7.611153267157345,7.480805121503511,11.554676986698162,7.196998538190897,8.624724984493481,9.249896280351408,11.322606624177352,9.89763458301655,11.15659076380102,12.631662592283783,9.148113425356557,13.085282096906296,13.167157158722148,6.419724153074821,9.006043841789607,9.289442762567878,11.01553001459571,11.67624163334046,9.757362226754623
S179,10.95293779394773,8.43719107478109,10.94997690089222,10.88592939055454,9.934777684418696,9.532484034479081,9.606242652072119,9.267267601717828,9.073759773673403,9.956305893608148,9.665776687997354,10.855901091665974,8.79027159093619,9.192445814545751,9.468175841314588,11.132853237304483,10.856239509343913,9.207175219020506,10.050827652559445,9.778845302190966,10.773428498324101,8.222179341758965,11.268535996148062,9.000097589845026,10.208225765623142,11.804275430674238,8.21077917067457,8.12127003859429,11.298932600392853,9.04833905352919,13.420364150584195,8.851312470267017,8.998283171953704,9.782069666249058,9.035966844149169,8.548580482955062,8.394484848583968,10.225995345395624,11.562138468001894,6.367678882926172,8.764817018709037,10.141167220098552,11.105274837624986,9.046427918102529,8.573859254108681,9.298508101048487,6.3742160059260575,11.526142859839673,6.748449851193293,12.193324956307691,9.570474582921463,7.88240798286288,10.09513516928477,8.528436871799128,11.244235058781982,10.286634981883703,10.247301386413303,7.863513937920455,8.11451598815109,11.67490207843793,10.909032270890743,13.19692066991942,8.627636540069663,10.071492500811987,9.034482226255083,9.088889600127809,9.315756737726936,9.540906252326382,10.322724691658347,12.78126468239774,10.863093640506118,12.792840460807117,12.166953163118896,11.059613813563526,11.186396498900189,8.914027783655667,10.765814646168572,10.17545289638782,10.245803106867154,10.550643947370512,10.00261929286586,12.497421388143412,11.537339554795697,11.786514795208912,5.861920524968733,6.717754657558059,11.042472930555972,8.922046156978524,7.161979196812224,14.1239162286224,7.091523446686868,8.749419828848868,6.625177788320339,9.431530148654739,8.120616668685525,10.736408810857258,11.299597408065326,9.35322723567527,8.717921207551786,11.343058035365669
S180,9.0437098321437,9.688379348176838,10.065248391714018,11.480536987408271,12.257529620243716,8.473995520934588,10.006674974196114,10.098934158039802,8.346163331534195,12.702083941635186,10.370211167458134,9.16691395970579,7.832933553688116,10.140332359746235,9.579676998537439,8.904504309681254,11.536589984794933,9.42233258183205,11.030724968661879,8.548259529513915,8.87646962580126,10.173630221228343,10.667474949767056,10.485318105529648,9.441524898648902,9.62586690431552,12.024230921217027,9.748752658184518,7.647796808100694,9.683183940076729,8.827462435277731,12.030154351907228,9.569672247842519,8.343209449515909,10.182976542891213,8.354300813889889,10.48132240618463,12.057914558753286,11.971342707400963,10.034676758592946,11.778049052712392,11.673622923797673,11.462147799600833,9.270567518267555,9.148156601751673,9.675778859844801,12.3609061061905,8.95796212006549,9.84135815468638,11.595491692148986,9.202861339685246,11.878881071298803,9.703640029460324,10.786395661220693,8.003256973095858,8.348528737379588,9.304375284502713,12.884322420055971,8.102522998581923,11.850208085868793,8.340137615101352,7.060621838300658,11.343796409809176,9.235009169288537,6.6109009901373295,10.376574541694836,8.493482656594681,9.139234847624412,8.77472874447173,11.210666484439814,7.999580401419777,10.135962200654815,11.640132386999396,12.03290729879167,11.618674473447003,10.983263956827233,12.27854967476042,7.38926193691827,12.903956547967084,9.059900490689344,10.944665271658735,9.182649427743698,11.634002867986133,9.360591707637676,11.908318632951019,11.959464267666856,10.553584752592304,12.248153686921668,7.663232923586671,9.636019312378355,10.345202669997288,10.181948206515674,8.739602435350529,9.744632973814934,9.499060945270735,8.731563882238294,10.117147132762408,9.483638093701373,8.598321126369106,11.409234724638088
